station,datetime,AQI Value,AQI Category,hazardous_air_day_flag,tomorrows_aqi_value,PM2.5 Scaled,PM10 Scaled,SO2 Scaled,NO2 Scaled,CO Scaled,O3 Scaled,TEMP Scaled,PRES Scaled,DEWP Scaled,RAIN Scaled,WSPM Scaled
Aotizhongxin,2013-03-01 00:00:00,17.0,Good,0,81.54166666666667,-0.9371245574841403,-1.0909864923755574,-0.5357181464901318,-1.232992208696646,-0.8032978884125507,0.3353483767077616,-1.2440491754408254,1.1689628232397635,-1.5432693071204446,-0.07854461093619035,2.1421581888351318
Aotizhongxin,2013-03-01 01:00:00,33.0,Good,0,81.54166666666667,-0.8879277533038016,-1.0478276958149257,-0.5357181464901318,-1.232992208696646,-0.8032978884125507,0.3353483767077616,-1.2790091548483526,1.188050673583676,-1.4997816629358562,-0.07854461093619035,2.382807356919285
Aotizhongxin,2013-03-01 02:00:00,29.0,Good,0,81.54166666666667,-0.9002269543488862,-1.0586173949550837,-0.49085047718516017,-1.1480448079786347,-0.8032978884125507,0.26676425169456824,-1.2790091548483526,1.2166824490995336,-1.4997816629358562,-0.07854461093619035,3.104754861171744
Aotizhongxin,2013-03-01 03:00:00,25.0,Good,0,81.54166666666667,-0.9125261553939709,-1.0694070940952416,-0.22164446135533059,-1.1197290077392976,-0.8032978884125507,0.24961822044126994,-1.305229139403998,1.3121217008190733,-1.5867569513050328,-0.07854461093619035,1.0993451271371346
Aotizhongxin,2013-03-01 04:00:00,12.0,Good,0,81.54166666666667,-0.949423758529225,-1.1017761915157154,-0.17677679205035896,-1.0914132074999605,-0.8032978884125507,0.24961822044126994,-1.357669108515289,1.3789291770227554,-1.5940048920024643,-0.07854461093619035,0.21696484416190615
Aotizhongxin,2013-03-01 05:00:00,21.0,Good,0,81.54166666666667,-0.9248253564390556,-1.0801967932353995,0.09242922377947066,-0.9215184060639378,-0.7179069510114672,0.14674203292147997,-1.3751490982190526,1.4171048777105584,-1.6012528326998958,-0.07854461093619035,1.580643463305441
Aotizhongxin,2013-03-01 06:00:00,12.0,Good,0,81.54166666666667,-0.949423758529225,-1.1017761915157154,0.09242922377947066,-0.525097202713218,-0.6325160136103836,-0.12759446713129322,-1.4101090776265797,1.503000204258153,-1.5650131292127387,-0.07854461093619035,0.6180467909688281
Aotizhongxin,2013-03-01 07:00:00,12.0,Good,0,81.54166666666667,-0.949423758529225,-1.0694070940952416,0.13729689308444226,-0.2702550005591839,-0.6325160136103836,-0.24761668590438152,-1.3227091291077617,1.5888955308057473,-1.5650131292127387,-0.07854461093619035,1.660859852666825
Aotizhongxin,2013-03-01 08:00:00,12.0,Good,0,81.54166666666667,-0.949423758529225,-1.0694070940952416,0.002693885169527449,-0.21362340008050962,-0.6325160136103836,-0.21332462339778485,-1.174129216625771,1.6747908573533201,-1.57226106991017,-0.07854461093619035,1.9015090207509782
Aotizhongxin,2013-03-01 09:00:00,12.0,Good,0,81.54166666666667,-0.949423758529225,-1.0478276958149257,-0.17677679205035896,-0.6383604036705665,-0.7179069510114672,0.0267198141483917,-1.077989273255071,1.6938787076972324,-1.5795090106076015,-0.07854461093619035,0.6982631803302126
Aotizhongxin,2013-03-01 10:00:00,12.0,Good,0,81.54166666666667,-0.949423758529225,-1.0694070940952416,-0.31137979996527376,-1.0914132074999605,-0.7179069510114672,0.24961822044126994,-1.0168093092918984,1.6652469321813748,-1.5867569513050328,-0.07854461093619035,1.5004270739440566
Aotizhongxin,2013-03-01 11:00:00,12.0,Good,0,81.54166666666667,-0.949423758529225,-1.0694070940952416,-0.31137979996527376,-1.0347816070212863,-0.7179069510114672,0.2324721891879716,-0.9294093607730803,1.6652469321813748,-1.666484298976778,-0.07854461093619035,1.580643463305441
Aotizhongxin,2013-03-01 12:00:00,12.0,Good,0,81.54166666666667,-0.949423758529225,-1.0694070940952416,-0.40111513857521697,-1.0630974072606234,-0.8032978884125507,0.2839102829478666,-0.8420094122542622,1.5793516056337804,-1.6085007733973269,-0.07854461093619035,2.703672914364822
Aotizhongxin,2013-03-01 13:00:00,12.0,Good,0,81.54166666666667,-0.949423758529225,-1.0694070940952416,-0.40111513857521697,-1.0914132074999605,-0.7179069510114672,0.31820234545446324,-0.7196494843279171,1.4743684287422953,-1.5795090106076015,-0.07854461093619035,2.0619417994737472
Aotizhongxin,2013-03-01 14:00:00,25.0,Good,0,81.54166666666667,-0.9125261553939709,-1.0370379966747678,-0.40111513857521697,-1.1197290077392976,-0.7179069510114672,0.3353483767077616,-0.6584695203647443,1.4457366532264377,-1.6012528326998958,-0.07854461093619035,2.1421581888351318
Aotizhongxin,2013-03-01 15:00:00,33.0,Good,0,81.54166666666667,-0.8879277533038016,-0.97229980183382,-0.40111513857521697,-1.0347816070212863,-0.7179069510114672,0.31820234545446324,-0.6409895306609806,1.4266488028825255,-1.5287734257255818,-0.07854461093619035,0.8586959590529811
Aotizhongxin,2013-03-01 16:00:00,38.0,Good,0,81.54166666666667,-0.8756285522587168,-0.9291410052731882,-0.31137979996527376,-1.0630974072606234,-0.7179069510114672,0.31820234545446324,-0.6672095152166261,1.4171048777105584,-1.492533722238425,-0.07854461093619035,1.7410762420282095
Aotizhongxin,2013-03-01 17:00:00,42.0,Good,0,81.54166666666667,-0.8633293512136322,-0.8859822087125564,-0.22164446135533059,-1.0064658067819492,-0.7179069510114672,0.2839102829478666,-0.8070494328467351,1.4839123539142405,-1.5360213664230131,-0.07854461093619035,0.8586959590529811
Aotizhongxin,2013-03-01 18:00:00,46.0,Good,0,81.54166666666667,-0.8510301501685474,-0.9183513061330302,-0.35624746927024536,-0.8648868055852634,-0.6325160136103836,0.21532615793467327,-0.9119293710693167,1.5888955308057473,-1.514277544330719,-0.07854461093619035,0.2971812335232906
Aotizhongxin,2013-03-01 19:00:00,33.0,Good,0,81.54166666666667,-0.8879277533038016,-0.983089500973978,-0.17677679205035896,-0.5817288031918922,-0.6325160136103836,0.04386584540169002,-0.9818493298843712,1.6747908573533201,-1.514277544330719,-0.07854461093619035,0.8586959590529811
Aotizhongxin,2013-03-01 20:00:00,46.0,Good,0,81.54166666666667,-0.8510301501685474,-0.9507204035535041,-0.13190912274538735,-0.49678140247388086,-0.5471250762093001,-0.0418643108648016,-1.034289298995662,1.7511422587289476,-1.434550196658974,-0.07854461093619035,0.2971812335232906
Aotizhongxin,2013-03-01 21:00:00,50.0,Good,0,81.54166666666667,-0.8387309491234628,-0.9399307044133461,0.002693885169527449,-0.4401498019952066,-0.6325160136103836,-0.12759446713129322,-1.130429242366362,1.8465815104484875,-1.3910625524743856,-0.07854461093619035,-0.7456318281747065
Aotizhongxin,2013-03-01 22:00:00,57.0,Moderate,0,81.54166666666667,-0.8018333459882088,-0.9291410052731882,0.22703223169438547,0.1827978032702101,-0.4617341388082165,-0.43622302969066307,-1.1042092578107165,1.884757211136312,-1.441798137356405,-0.07854461093619035,0.056532065439137386
Aotizhongxin,2013-03-01 23:00:00,76.0,Moderate,0,81.54166666666667,-0.6911405365824466,-0.8751925095723984,0.4513705782192435,0.09785040255219875,-0.5471250762093001,-0.3676389046774698,-1.2003492011814163,1.884757211136312,-1.441798137356405,-0.07854461093619035,-0.2643334920064003
Aotizhongxin,2013-03-02 00:00:00,72.0,Moderate,0,150.75,-0.715738938672616,-0.8751925095723984,0.3616352396093003,-0.18530759984117248,-0.6325160136103836,-0.23047065465108318,-1.21782919088518,1.9324768369960819,-1.456294018751268,-0.07854461093619035,-0.2643334920064003
Aotizhongxin,2013-03-02 01:00:00,55.0,Moderate,0,150.75,-0.8141325470332934,-0.9507204035535041,0.22703223169438547,-0.4118340017558695,-0.7179069510114672,-0.12759446713129322,-1.2702691599964708,1.9611086125119395,-1.434550196658974,-0.07854461093619035,-0.5049826600905534
Aotizhongxin,2013-03-02 02:00:00,53.0,Moderate,0,150.75,-0.8264317480783782,-0.9938792001141359,0.18216456238941386,-0.3835182015165324,-0.7179069510114672,-0.1790325608911882,-1.31396913425588,1.9229329118241365,-1.4055584338692482,-0.07854461093619035,-0.02368432392224708
Aotizhongxin,2013-03-02 03:00:00,12.0,Good,0,150.75,-0.949423758529225,-1.0370379966747678,-0.13190912274538735,-0.46846560223454375,-0.7179069510114672,-0.09330240462469658,-1.305229139403998,1.8943011363082574,-1.456294018751268,-0.07854461093619035,-0.2643334920064003
Aotizhongxin,2013-03-02 04:00:00,12.0,Good,0,150.75,-0.949423758529225,-1.0586173949550837,0.09242922377947066,-0.21362340008050962,-0.7179069510114672,-0.24761668590438152,-1.31396913425588,1.9133889866521696,-1.4635419594486994,-0.07854461093619035,-0.6654154388133222
Aotizhongxin,2013-03-02 05:00:00,38.0,Good,0,150.75,-0.8756285522587168,-1.0154585983944517,0.13729689308444226,0.5509032063815927,-0.6325160136103836,-0.641975404730243,-1.3401891188115254,1.8465815104484875,-1.4490460780538366,-0.07854461093619035,0.21696484416190615
Aotizhongxin,2013-03-02 06:00:00,17.0,Good,0,150.75,-0.9371245574841403,-1.0262482975346097,0.5411059168291867,-0.12867599936249824,-0.6325160136103836,-0.3162008109175748,-1.4013690827746978,1.7988618845887174,-1.4635419594486994,-0.07854461093619035,-0.8258482175360911
Aotizhongxin,2013-03-02 07:00:00,12.0,Good,0,150.75,-0.949423758529225,-1.0154585983944517,0.8103119326590164,0.21111360350954725,-0.6325160136103836,-0.5219531859571547,-1.3314491239596433,1.81794973493263,-1.4128063745666797,-0.07854461093619035,-0.42476627072916906
Aotizhongxin,2013-03-02 08:00:00,12.0,Good,0,150.75,-0.949423758529225,-1.0586173949550837,0.22703223169438547,-0.043728598644486874,-0.6325160136103836,-0.24761668590438152,-1.21782919088518,1.7988618845887174,-1.456294018751268,-0.07854461093619035,0.056532065439137386
Aotizhongxin,2013-03-02 09:00:00,42.0,Good,0,150.75,-0.8633293512136322,-0.983089500973978,1.3935916336236474,0.32437680446689576,-0.4617341388082165,-0.48766112345055806,-1.130429242366362,1.8084058097606845,-1.3910625524743856,-0.07854461093619035,-0.02368432392224708
Aotizhongxin,2013-03-02 10:00:00,46.0,Good,0,150.75,-0.8510301501685474,-0.9291410052731882,0.9000472712689596,0.2677452039882215,-0.5471250762093001,-0.40193096718406646,-1.034289298995662,1.732054408385057,-1.3620707896846602,-0.07854461093619035,-0.10390071328363136
Aotizhongxin,2013-03-02 11:00:00,63.0,Moderate,0,150.75,-0.7649357428529546,-0.8212440138716086,0.9000472712689596,0.5509032063815927,-0.37634320140713295,-0.5219531859571547,-0.9905893247362529,1.6652469321813748,-1.398310493171817,-0.07854461093619035,1.0993451271371346
Aotizhongxin,2013-03-02 12:00:00,80.0,Moderate,0,150.75,-0.6665421344922772,-0.8104543147314507,0.4065029089142719,0.7207980078176155,-0.2909522640060494,-0.6076833422236463,-0.9468893504768439,1.5793516056337804,-1.3693187303820913,-0.07854461093619035,0.778479569691597
Aotizhongxin,2013-03-02 13:00:00,78.0,Moderate,0,150.75,-0.6788413355373619,-0.7780852173109768,0.18216456238941386,0.1827978032702101,-0.4617341388082165,-0.3162008109175748,-0.8944493813655532,1.4266488028825255,-1.3693187303820913,-0.07854461093619035,-0.18411710264501582
Aotizhongxin,2013-03-02 14:00:00,80.0,Moderate,0,150.75,-0.6665421344922772,-0.7565058190306609,0.27189990099935707,0.09785040255219875,-0.4617341388082165,-0.24761668590438152,-0.8507494071061441,1.340753476334931,-1.340326967592366,-0.07854461093619035,-0.3445498813677846
Aotizhongxin,2013-03-02 15:00:00,105.0,Unhealthy for Sensitive Groups,0,150.75,-0.5312509229963457,-0.7025573233298711,0.3616352396093003,0.12616620279153587,-0.4617341388082165,-0.23047065465108318,-0.8420094122542622,1.2739460001312488,-1.3765666710795228,-0.07854461093619035,-0.42476627072916906
Aotizhongxin,2013-03-02 16:00:00,105.0,Unhealthy for Sensitive Groups,0,150.75,-0.5312509229963457,-0.6378191284889234,0.5859735861341583,0.35269260470623287,-0.20556132660496587,-0.3333468421708731,-0.8769693916617894,1.2262263742714896,-1.2823434420129147,-0.07854461093619035,0.6180467909688281
Aotizhongxin,2013-03-02 17:00:00,122.0,Unhealthy for Sensitive Groups,0,150.75,-0.4451565156807528,-0.508342738807028,1.303856295013704,0.7491138080569526,-0.034779451802798775,-0.47051509219725973,-0.9905893247362529,1.2071385239275774,-1.1663763908540126,-0.07854461093619035,-1.0664973856202442
Aotizhongxin,2013-03-02 18:00:00,147.0,Unhealthy for Sensitive Groups,0,150.75,-0.322164505229906,-0.2817590568637109,1.528194641538562,0.8340612087749639,-0.12017038920388232,-0.5733912797170497,-1.077989273255071,1.188050673583676,-1.072153161787405,-0.07854461093619035,-0.6654154388133222
Aotizhongxin,2013-03-02 19:00:00,154.0,Unhealthy,1,150.75,-0.23607009791431316,-0.20623116288260523,1.528194641538562,1.315429812843695,0.050611485598284774,-0.8134357172632263,-1.0517692886994257,1.1594188980678075,-1.1808722722488756,-0.07854461093619035,-0.42476627072916906
Aotizhongxin,2013-03-02 20:00:00,157.0,Unhealthy,1,150.75,-0.16227489164380504,-0.09833417148102569,1.7076653187584485,1.6269036154764034,0.13514851362535749,-0.9506039672896128,-1.077989273255071,1.1594188980678075,-1.2026160943411695,-0.07854461093619035,-0.42476627072916906
Aotizhongxin,2013-03-02 21:00:00,161.0,Unhealthy,1,150.75,-0.07618048432821224,-0.022806277499920004,2.5152833662479375,1.5985878152370663,0.13514851362535749,-0.9506039672896128,-1.130429242366362,1.13078712255195,-1.209864035038601,-0.07854461093619035,-0.3445498813677846
Aotizhongxin,2013-03-02 22:00:00,164.0,Unhealthy,1,150.75,0.009913922987380558,0.08509071390165954,3.0536953979075965,1.6835352159550776,0.22139336040045185,-0.9334579360363146,-1.2353091805889436,1.1021553470360814,-1.188120212946307,-0.07854461093619035,-0.2643334920064003
Aotizhongxin,2013-03-02 23:00:00,170.0,Unhealthy,1,150.75,0.1575043355283968,0.16061860788276522,3.1882984058225112,1.5985878152370663,0.39217523520261893,-0.9506039672896128,-1.2527891702927072,0.9876282449726402,-1.15188050945915,-0.07854461093619035,-0.3445498813677846
Aotizhongxin,2013-03-03 00:00:00,180.0,Unhealthy,1,71.66666666666667,0.3911891553850058,0.26851559928434476,2.560151035552909,1.4003772135617065,0.5621032006307752,-0.9506039672896128,-1.305229139403998,0.920820768768958,-1.1228887466694246,-0.07854461093619035,-0.42476627072916906
Aotizhongxin,2013-03-03 01:00:00,179.0,Unhealthy,1,71.66666666666667,0.3542915522497518,0.2900949975646607,2.87422472068771,1.4286930138010436,0.8191299222080367,-0.9506039672896128,-1.357669108515289,0.8253815170494182,-1.1373846280642872,-0.07854461093619035,-0.42476627072916906
Aotizhongxin,2013-03-03 02:00:00,179.0,Unhealthy,1,71.66666666666667,0.3665907532948365,0.2900949975646607,3.681842768177199,1.3720614133223694,0.989057887636193,-0.9506039672896128,-1.4275890673303433,0.7203983401579223,-1.072153161787405,-0.07854461093619035,-0.2643334920064003
Aotizhongxin,2013-03-03 03:00:00,177.0,Unhealthy,1,71.66666666666667,0.30509474806941306,0.2577259001441868,3.2331660751274827,1.4003772135617065,1.0753027344112873,-0.9506039672896128,-1.4101090776265797,0.6154151632664372,-1.1373846280642872,-0.07854461093619035,-0.42476627072916906
Aotizhongxin,2013-03-03 04:00:00,177.0,Unhealthy,1,71.66666666666667,0.3173939491144977,0.3332537941252925,2.8293570513827384,1.1738508116470094,1.330621637240527,-0.9506039672896128,-1.5586889901085703,0.5867833877505687,-1.035913458300248,-0.07854461093619035,-0.6654154388133222
Aotizhongxin,2013-03-03 05:00:00,174.0,Unhealthy,1,71.66666666666667,0.2558979438890743,0.3224640949851345,2.1563420118081646,1.032271810450324,0.989057887636193,-0.9506039672896128,-1.672308923183034,0.5295198367188427,-0.9706819920233656,-0.07854461093619035,-0.7456318281747065
Aotizhongxin,2013-03-03 06:00:00,169.0,Unhealthy,1,71.66666666666667,0.13290593343822743,0.3979919889662402,2.2909450197230794,1.032271810450324,0.7337389848069531,-0.9506039672896128,-1.6897889128867976,0.5199759115468974,-0.9779299327207969,-0.07854461093619035,-0.7456318281747065
Aotizhongxin,2013-03-03 07:00:00,163.0,Unhealthy,1,71.66666666666667,-0.014684479102788814,0.1174598113221334,3.0088277286026246,1.1455350114076723,0.6483480474058696,-0.9506039672896128,-1.4538090518859887,0.548607687062755,-0.9851778734182283,-0.07854461093619035,-0.18411710264501582
Aotizhongxin,2013-03-03 08:00:00,162.0,Unhealthy,1,71.66666666666667,-0.03928288119295819,0.052721616481185674,4.803534500801489,1.1172192111683352,0.9036669502351093,-0.9506039672896128,-1.1216892475144802,0.5199759115468974,-1.1228887466694246,-0.07854461093619035,0.4576140122460592
Aotizhongxin,2013-03-03 09:00:00,165.0,Unhealthy,1,71.66666666666667,0.03451232507754993,0.14982890874260726,5.341946532461148,1.1172192111683352,1.1606936718123708,-0.9334579360363146,-0.8769693916617894,0.4818002108590728,-1.1808722722488756,-0.07854461093619035,-1.0664973856202442
Aotizhongxin,2013-03-03 10:00:00,171.0,Unhealthy,1,71.66666666666667,0.1698035365734815,0.18219800616308113,4.489460815666687,1.1172192111683352,0.4775661726037025,-0.8305817485165246,-0.6147695461053353,0.3959048843114892,-1.1373846280642872,-0.07854461093619035,-0.3445498813677846
Aotizhongxin,2013-03-03 11:00:00,172.0,Unhealthy,1,71.66666666666667,0.19440193866365085,0.12824951046229136,3.278033744432454,1.2021666118863465,0.30678429780153543,-0.744851592250033,-0.18650979836312664,0.29092170741999324,-0.9634340513259342,-0.07854461093619035,-0.6654154388133222
Aotizhongxin,2013-03-03 12:00:00,169.0,Unhealthy,1,71.66666666666667,0.13290593343822743,0.031142218200869765,2.7396217127727955,1.3720614133223694,0.30678429780153543,-0.744851592250033,0.023250078082036784,0.16685068018459587,-1.1446325687617187,-0.07854461093619035,-0.5049826600905534
Aotizhongxin,2013-03-03 13:00:00,173.0,Unhealthy,1,71.66666666666667,0.21900034075382022,0.3116743958449766,1.528194641538562,0.8623770090143011,-0.034779451802798775,-0.41907699843736473,0.2155299648234365,0.07141142846505609,-1.1591284501565815,-0.07854461093619035,3.3454040292558975
Aotizhongxin,2013-03-03 14:00:00,160.0,Unhealthy,1,71.66666666666667,-0.10077888641838162,0.009562819920553857,0.6757089247441015,0.1827978032702101,-0.2909522640060494,-0.1104484358779949,0.2767099287866091,0.004603952261373897,-1.1953681536437384,-0.07854461093619035,2.0619417994737472
Aotizhongxin,2013-03-03 15:00:00,132.0,Unhealthy for Sensitive Groups,0,71.66666666666667,-0.3959597115004141,0.09588041304181749,-0.08704145344041576,-0.9498342063032749,-0.6325160136103836,0.3353483767077616,0.2941899184903726,-0.024027823254483698,-1.1011449245771303,-0.07854461093619035,0.21696484416190615
Aotizhongxin,2013-03-03 16:00:00,84.0,Moderate,0,71.66666666666667,-0.6419437324021078,-0.05517537492039387,-0.17677679205035896,-0.9498342063032749,-0.7179069510114672,0.3353483767077616,0.2504899442309636,-0.01448389808252755,-1.2968393234077777,-0.07854461093619035,0.9389123484143657
Aotizhongxin,2013-03-03 17:00:00,80.0,Moderate,0,71.66666666666667,-0.6665421344922772,-0.022806277499920004,-0.31137979996527376,-0.8932026058246006,-0.7179069510114672,0.26676425169456824,-0.037929885881135966,0.03323572777724234,-0.9126984664439145,-0.07854461093619035,-0.02368432392224708
Aotizhongxin,2013-03-03 18:00:00,76.0,Moderate,0,71.66666666666667,-0.6911405365824466,-0.24938995944323705,-0.35624746927024536,-0.6666762039099036,-0.6325160136103836,0.14674203292147997,-0.42248965936393557,0.14776282984068356,-0.9996737548130911,-0.07854461093619035,-0.10390071328363136
Aotizhongxin,2013-03-03 19:00:00,66.0,Moderate,0,71.66666666666667,-0.75263654180787,-0.3680766499849745,0.4513705782192435,1.3437456130830323,0.050611485598284774,-0.7962896860099279,-0.11658983954807227,0.2527460067321795,-1.173624331551444,-0.07854461093619035,0.21696484416190615
Aotizhongxin,2013-03-03 20:00:00,153.0,Unhealthy,1,71.66666666666667,-0.24836929895939786,0.7540520605914527,2.1563420118081646,2.391430221938506,0.6483480474058696,-0.9163119047830162,-0.1602898138074813,0.26228993190413563,-1.093896983879699,-0.07854461093619035,-0.6654154388133222
Aotizhongxin,2013-03-03 21:00:00,183.0,Unhealthy,1,71.66666666666667,0.45268516061042924,0.8187902554324005,0.5411059168291867,1.4003772135617065,-0.12017038920388232,-0.8991658735297179,-0.7196494843279171,0.2718338570760918,-0.9706819920233656,-0.07854461093619035,-1.3873629430657817
Aotizhongxin,2013-03-03 22:00:00,147.0,Unhealthy for Sensitive Groups,0,71.66666666666667,-0.322164505229906,-0.0012268792196040972,0.5411059168291867,1.1172192111683352,-0.034779451802798775,-0.9506039672896128,-0.9119293710693167,0.3195534829358617,-0.9199464071413458,-0.07854461093619035,0.056532065439137386
Aotizhongxin,2013-03-03 23:00:00,127.0,Unhealthy for Sensitive Groups,0,71.66666666666667,-0.4205581135905835,-0.1199135697613416,0.5859735861341583,0.9473244097323125,-0.034779451802798775,-0.9506039672896128,-0.7283894791797987,0.38636095913953306,-0.9489381699310714,-0.07854461093619035,-0.02368432392224708
Aotizhongxin,2013-03-04 00:00:00,117.0,Unhealthy for Sensitive Groups,0,209.04166666666666,-0.4697549177709222,-0.2386002603030791,1.5730623108435338,1.0039560102109868,0.050611485598284774,-0.9163119047830162,-0.5098896078827535,0.4722562856871275,-0.9851778734182283,-0.07854461093619035,0.6982631803302126
Aotizhongxin,2013-03-04 01:00:00,134.0,Unhealthy for Sensitive Groups,0,209.04166666666666,-0.3836605104553294,-0.27096935772355296,1.0346502791838745,0.38100840494557,-0.20556132660496587,-0.5562452484637513,-0.4661896336233446,0.5676955374066673,-1.0286655176028165,-0.07854461093619035,0.8586959590529811
Aotizhongxin,2013-03-04 02:00:00,97.0,Moderate,0,209.04166666666666,-0.5681485261315997,-0.46518394224639614,1.0346502791838745,-1.0347816070212863,-0.8032978884125507,0.18103409542807664,-0.47492962847522635,0.5676955374066673,-1.035913458300248,-0.07854461093619035,2.0619417994737472
Aotizhongxin,2013-03-04 03:00:00,50.0,Good,0,209.04166666666666,-0.8387309491234628,-0.7672955181708189,-0.44598280788018857,-1.0914132074999605,-0.8032978884125507,0.3353483767077616,-0.5535895821421626,0.5867833877505687,-1.0214175769053853,-0.07854461093619035,0.8586959590529811
Aotizhongxin,2013-03-04 04:00:00,29.0,Good,0,209.04166666666666,-0.9002269543488862,-0.9399307044133461,-0.08704145344041576,-1.0914132074999605,-0.7179069510114672,-0.26476271715767985,-0.6584695203647443,0.6917665646420647,-1.0214175769053853,-0.07854461093619035,-0.5851990494519378
Aotizhongxin,2013-03-04 05:00:00,42.0,Good,0,209.04166666666666,-0.8633293512136322,-0.8751925095723984,0.09242922377947066,-0.15699179960183537,-0.7179069510114672,-0.29905477966427646,-0.9468893504768439,0.7490301156737907,-0.9706819920233656,-0.07854461093619035,-0.9862809962588598
Aotizhongxin,2013-03-04 06:00:00,53.0,Moderate,0,209.04166666666666,-0.8264317480783782,-0.7888749164511347,0.3616352396093003,0.4093242051849071,-0.6325160136103836,-0.6076833422236463,-0.8507494071061441,0.7776618911896483,-1.0069216955105225,-0.07854461093619035,0.4576140122460592
Aotizhongxin,2013-03-04 07:00:00,55.0,Moderate,0,209.04166666666666,-0.8141325470332934,-0.7457161198905029,0.6308412554391299,0.5509032063815927,-0.5471250762093001,-0.693413498490138,-0.6147695461053353,0.8540132925652867,-0.9561861106285027,-0.07854461093619035,0.4576140122460592
Aotizhongxin,2013-03-04 08:00:00,53.0,Moderate,0,209.04166666666666,-0.8264317480783782,-0.7565058190306609,0.9897826098789029,0.5509032063815927,-0.4617341388082165,-0.6248293734769447,-0.39626967480829006,0.9494525442848265,-1.0649052210899734,-0.07854461093619035,1.0993451271371346
Aotizhongxin,2013-03-04 09:00:00,57.0,Moderate,0,209.04166666666666,-0.8018333459882088,-0.7888749164511347,0.4513705782192435,-0.4118340017558695,-0.6325160136103836,-0.09330240462469658,-0.2564297571781812,0.9589964694567717,-1.0576572803925421,-0.07854461093619035,-0.3445498813677846
Aotizhongxin,2013-03-04 10:00:00,59.0,Moderate,0,209.04166666666666,-0.789534144943124,-0.8751925095723984,0.27189990099935707,-0.4118340017558695,-0.5471250762093001,-0.00757224835820495,-0.1428098241037176,0.920820768768958,-1.0794011024848362,-0.07854461093619035,0.2971812335232906
Aotizhongxin,2013-03-04 11:00:00,63.0,Moderate,0,209.04166666666666,-0.7649357428529546,-0.7780852173109768,0.09242922377947066,-0.6666762039099036,-0.7179069510114672,0.18103409542807664,-0.037929885881135966,0.8826450680811443,-1.1228887466694246,-0.07854461093619035,1.01912873777575
Aotizhongxin,2013-03-04 12:00:00,53.0,Moderate,0,209.04166666666666,-0.8264317480783782,-0.8320337130117665,-0.17677679205035896,-1.0347816070212863,-0.7179069510114672,0.3353483767077616,0.05821005748956389,0.7776618911896483,-1.188120212946307,-0.07854461093619035,0.778479569691597
Aotizhongxin,2013-03-04 13:00:00,12.0,Good,0,209.04166666666666,-0.949423758529225,-1.0046688992542938,-0.40111513857521697,-1.0914132074999605,-0.8032978884125507,0.4210785329742532,0.1543500008602639,0.6726787142981524,-1.1228887466694246,-0.07854461093619035,0.21696484416190615
Aotizhongxin,2013-03-04 14:00:00,12.0,Good,0,209.04166666666666,-0.949423758529225,-1.0262482975346097,-0.35624746927024536,-1.0630974072606234,-0.7179069510114672,0.45537059548084985,0.14561000600838198,0.5963273129225249,-1.130136687366856,-0.07854461093619035,-0.8258482175360911
Aotizhongxin,2013-03-04 15:00:00,42.0,Good,0,209.04166666666666,-0.8633293512136322,-0.9938792001141359,-0.31137979996527376,-1.0064658067819492,-0.7179069510114672,0.45537059548084985,0.1543500008602639,0.5295198367188427,-1.1228887466694246,-0.07854461093619035,0.5378304016074437
Aotizhongxin,2013-03-04 16:00:00,55.0,Moderate,0,209.04166666666666,-0.8141325470332934,-0.9183513061330302,-0.26651213066030216,-0.46846560223454375,-0.6325160136103836,0.21532615793467327,0.08443004204520937,0.4722562856871275,-1.173624331551444,-0.07854461093619035,0.6982631803302126
Aotizhongxin,2013-03-04 17:00:00,68.0,Moderate,0,209.04166666666666,-0.7403373407627853,-0.7780852173109768,-0.08704145344041576,-0.298570800798521,-0.6325160136103836,0.35249440796105985,-0.07288986528866323,0.491344136031029,-1.035913458300248,-0.07854461093619035,0.6982631803302126
Aotizhongxin,2013-03-04 18:00:00,78.0,Moderate,0,209.04166666666666,-0.6788413355373619,-0.6593985267692393,-0.13190912274538735,-0.21362340008050962,-0.5471250762093001,0.3010563142011649,-0.1690298086593631,0.548607687062755,-0.9996737548130911,-0.07854461093619035,1.3399942952212875
Aotizhongxin,2013-03-04 19:00:00,91.0,Moderate,0,209.04166666666666,-0.6050461292668537,-0.45439424310623816,0.04756155447449905,0.2960610042275586,-0.4617341388082165,-0.07615637337139824,-0.23020977262253567,0.5581516122347112,-0.9489381699310714,-0.07854461093619035,1.420210684582672
Aotizhongxin,2013-03-04 20:00:00,97.0,Moderate,0,209.04166666666666,-0.5681485261315997,-0.22781056116292114,0.09242922377947066,0.7207980078176155,-0.37634320140713295,-0.29905477966427646,-0.3176097211413538,0.5867833877505687,-0.9271943478387773,-0.07854461093619035,1.0993451271371346
Aotizhongxin,2013-03-04 21:00:00,112.0,Unhealthy for Sensitive Groups,0,209.04166666666666,-0.4943533198610916,-0.2170208620227632,1.079517948488846,0.7207980078176155,-0.37634320140713295,-0.3162008109175748,-0.44870964391958085,0.5867833877505687,-0.9054505257464831,-0.07854461093619035,0.2971812335232906
Aotizhongxin,2013-03-04 22:00:00,139.0,Unhealthy for Sensitive Groups,0,209.04166666666666,-0.35906210836516,-0.15228266718181546,1.3487239643186757,0.9756402099716496,-0.20556132660496587,-0.4533690609439614,-0.4312296542158173,0.5295198367188427,-0.8982025850490518,-0.07854461093619035,0.5378304016074437
Aotizhongxin,2013-03-04 23:00:00,152.0,Unhealthy,1,209.04166666666666,-0.27296770104956725,-0.1199135697613416,1.3487239643186757,1.0039560102109868,-0.12017038920388232,0.45537059548084985,-0.5098896078827535,0.4722562856871275,-0.8547149408644635,-0.07854461093619035,0.2971812335232906
Aotizhongxin,2013-03-05 00:00:00,159.0,Unhealthy,1,273.25,-0.1130780874634663,0.031142218200869765,2.2460773504181075,0.7774296082962897,-0.12017038920388232,0.45537059548084985,-0.7720894534392077,0.4245366598273576,-0.8402190594696006,-0.07854461093619035,-0.10390071328363136
Aotizhongxin,2013-03-05 01:00:00,169.0,Unhealthy,1,273.25,0.13290593343822743,0.2361465018638709,2.649886374162852,0.6924822075782784,-0.034779451802798775,0.45537059548084985,-1.086729268106953,0.37681703396758776,-0.7532437711004242,-0.07854461093619035,-1.3873629430657817
Aotizhongxin,2013-03-05 02:00:00,174.0,Unhealthy,1,273.25,0.2435987428439896,0.2577259001441868,1.887135995978335,0.8057454085356268,-0.034779451802798775,0.45537059548084985,-1.2353091805889436,0.34818525845171927,-0.7677396524952869,-0.07854461093619035,-1.3873629430657817
Aotizhongxin,2013-03-05 03:00:00,176.0,Unhealthy,1,273.25,0.28049634597924367,0.26851559928434476,2.2460773504181075,0.9190086094929754,0.13514851362535749,0.45537059548084985,-1.1653892217738893,0.31000955776390554,-0.8184752373773067,-0.07854461093619035,-0.42476627072916906
