station,datetime,AQI Value,tomorrows_aqi_value,ols_prediction,gradient_descent_prediction,ols_error,gradient_descent_error
Aotizhongxin,2016-05-12 00:00:00,218.0,98.0,140.52764962521024,140.27477632065452,-42.527649625210245,-42.274776320654524
Changping,2016-05-12 00:00:00,210.0,76.20833333333333,132.03120174439715,131.7286538191594,-55.82286841106382,-55.520320485826076
Dingling,2016-05-12 00:00:00,206.0,68.54166666666667,145.43209117614407,145.21631013625827,-76.8904245094774,-76.6746434695916
Dongsi,2016-05-12 00:00:00,290.0,118.75,169.92012737301897,169.27752908957257,-51.17012737301897,-50.52752908957257
Guanyuan,2016-05-12 00:00:00,271.0,94.54166666666667,159.98411523500374,159.64459793731007,-65.44244856833707,-65.1029312706434
Gucheng,2016-05-12 00:00:00,257.0,86.375,149.49863087516928,149.14448416860594,-63.12363087516928,-62.76948416860594
Huairou,2016-05-12 00:00:00,186.0,72.58333333333333,110.73928189913264,110.69581098259701,-38.15594856579931,-38.11247764926368
Nongzhanguan,2016-05-12 00:00:00,231.0,104.875,150.82705897226856,150.45250714021148,-45.95205897226856,-45.57750714021148
Shunyi,2016-05-12 00:00:00,199.0,85.20833333333333,149.68993776030243,149.51585669681205,-64.4816044269691,-64.30752336347872
Tiantan,2016-05-12 00:00:00,193.0,95.66666666666667,136.52571080693923,137.35358523404452,-40.85904414027256,-41.686918567377845
Wanliu,2016-05-12 00:00:00,259.0,97.91666666666667,145.45045982589878,145.0046622452238,-47.533793159232104,-47.08799557855714
Wanshouxigong,2016-05-12 00:00:00,226.0,111.79166666666667,141.75259391546456,141.48914488998054,-29.960927248797887,-29.697478223313865
Aotizhongxin,2016-05-12 01:00:00,250.0,98.0,145.26342121628238,144.80421589239765,-47.26342121628238,-46.80421589239765
Changping,2016-05-12 01:00:00,208.0,76.20833333333333,128.49169951789432,128.0948575375969,-52.28336618456099,-51.88652420426358
Dingling,2016-05-12 01:00:00,198.0,68.54166666666667,137.96158327408185,137.79149664952521,-69.41991660741517,-69.24982998285854
Dongsi,2016-05-12 01:00:00,343.0,118.75,180.8578789933976,180.03644640024166,-62.107878993397605,-61.28644640024166
Guanyuan,2016-05-12 01:00:00,254.0,94.54166666666667,150.37043438804713,149.96205296771626,-55.82876772138046,-55.42038630104959
Gucheng,2016-05-12 01:00:00,271.0,86.375,143.63428670940428,143.15935129141647,-57.25928670940428,-56.78435129141647
Huairou,2016-05-12 01:00:00,185.0,72.58333333333333,120.00986718832735,119.93086944542283,-47.42653385499402,-47.3475361120895
Nongzhanguan,2016-05-12 01:00:00,248.0,104.875,153.8386659907319,153.34412802099357,-48.9636659907319,-48.469128020993566
Shunyi,2016-05-12 01:00:00,199.0,85.20833333333333,128.17293416549998,127.82836783851545,-42.96460083216665,-42.62003450518212
Tiantan,2016-05-12 01:00:00,245.0,95.66666666666667,142.2847774059244,141.8183166347746,-46.618110739257716,-46.15164996810792
Wanliu,2016-05-12 01:00:00,235.0,97.91666666666667,127.6773731186548,127.21324251462336,-29.760706451988128,-29.29657584795669
Wanshouxigong,2016-05-12 01:00:00,259.0,111.79166666666667,151.23933512986466,150.81800742048702,-39.447668463197985,-39.02634075382035
Aotizhongxin,2016-05-12 02:00:00,206.0,98.0,117.78130423397258,117.50208936552818,-19.781304233972577,-19.502089365528178
Changping,2016-05-12 02:00:00,151.0,76.20833333333333,68.57023538174434,68.40538843354862,7.638097951588989,7.8029448997847055
Dingling,2016-05-12 02:00:00,72.0,68.54166666666667,70.62342608722601,70.64139758455951,-2.0817594205593366,-2.099730917892842
Dongsi,2016-05-12 02:00:00,287.0,118.75,145.83123435689572,145.2749900281903,-27.08123435689572,-26.524990028190302
Guanyuan,2016-05-12 02:00:00,218.0,94.54166666666667,122.4574353004054,122.15160550454802,-27.915768633738722,-27.609938837881344
Gucheng,2016-05-12 02:00:00,229.0,86.375,102.561369966788,102.27078972440164,-16.186369966788007,-15.895789724401638
Huairou,2016-05-12 02:00:00,185.0,72.58333333333333,106.53139464148376,106.29161165736579,-33.94806130815043,-33.70827832403246
Nongzhanguan,2016-05-12 02:00:00,238.0,104.875,130.48499454129274,130.08632137975292,-25.609994541292735,-25.211321379752917
Shunyi,2016-05-12 02:00:00,188.0,85.20833333333333,74.47668705814824,74.0482524442769,10.731646275185085,11.160080889056431
Tiantan,2016-05-12 02:00:00,202.0,95.66666666666667,119.80906080749037,119.58012678756137,-24.142394140823697,-23.913460120894698
Wanliu,2016-05-12 02:00:00,235.0,97.91666666666667,140.59906228174827,140.23989348804616,-42.6823956150816,-42.32322682137949
Wanshouxigong,2016-05-12 02:00:00,219.0,111.79166666666667,125.008171399123,124.74423238744254,-13.216504732456329,-12.952565720775866
Aotizhongxin,2016-05-12 03:00:00,107.0,98.0,79.46700861797237,79.40585448591756,18.53299138202763,18.59414551408244
Changping,2016-05-12 03:00:00,53.0,76.20833333333333,83.29005152583392,83.34736870518745,-7.081718192500588,-7.139035371854121
Dingling,2016-05-12 03:00:00,42.0,68.54166666666667,92.06624747049922,92.18035331606535,-23.52458080383255,-23.63868664939868
Dongsi,2016-05-12 03:00:00,170.0,118.75,96.01699248126576,95.78607035573427,22.73300751873424,22.963929644265733
Guanyuan,2016-05-12 03:00:00,180.0,94.54166666666667,98.4321215392608,98.15720489145693,-3.890454872594134,-3.6155382247902565
Gucheng,2016-05-12 03:00:00,156.0,86.375,76.91403942227677,76.7191525813796,9.460960577723228,9.655847418620397
Huairou,2016-05-12 03:00:00,157.0,72.58333333333333,101.31385174438712,101.24795235448335,-28.730518411053794,-28.664619021150017
Nongzhanguan,2016-05-12 03:00:00,93.0,104.875,77.91598220731612,77.87345776340851,26.95901779268388,27.00154223659149
Shunyi,2016-05-12 03:00:00,149.0,85.20833333333333,73.2064932044652,73.11816353372326,12.001840128868125,12.090169799610067
Tiantan,2016-05-12 03:00:00,157.0,95.66666666666667,89.13108605572558,88.98774399967124,6.535580610941096,6.678922666995433
Wanliu,2016-05-12 03:00:00,158.0,97.91666666666667,102.90947126124324,102.86833470407225,-4.992804594576569,-4.951668037405582
Wanshouxigong,2016-05-12 03:00:00,179.0,111.79166666666667,100.4212913206222,100.19552339187209,11.370375346044469,11.596143274794585
Aotizhongxin,2016-05-12 04:00:00,33.0,98.0,84.65304308839951,84.74385308801642,13.346956911600486,13.256146911983578
Changping,2016-05-12 04:00:00,38.0,76.20833333333333,69.23325771365674,69.22571447873297,6.975075619676588,6.982618854600361
Dingling,2016-05-12 04:00:00,42.0,68.54166666666667,75.50073135117525,75.58395249903131,-6.959064684508576,-7.042285832364641
Dongsi,2016-05-12 04:00:00,12.0,118.75,83.29798100084314,83.43911163284764,35.45201899915686,35.31088836715236
Guanyuan,2016-05-12 04:00:00,42.0,94.54166666666667,82.77202054135215,82.86616335562783,11.769646125314523,11.675503311038838
Gucheng,2016-05-12 04:00:00,38.0,86.375,58.74095429877131,58.68470627928046,27.634045701228693,27.690293720719538
Huairou,2016-05-12 04:00:00,66.0,72.58333333333333,80.44893169370265,80.48497585473064,-7.865598360369319,-7.9016425213973065
Nongzhanguan,2016-05-12 04:00:00,12.0,104.875,81.71323516703421,81.8245832522291,23.161764832965787,23.050416747770896
Shunyi,2016-05-12 04:00:00,17.0,85.20833333333333,86.91303929071928,87.01716040401794,-1.7047059573859542,-1.8088270706846146
Tiantan,2016-05-12 04:00:00,17.0,95.66666666666667,84.97321458864621,85.08214592036866,10.693452078020456,10.584520746298011
Wanliu,2016-05-12 04:00:00,61.0,97.91666666666667,88.86781856208349,88.95106231740783,9.048848104583186,8.96560434925884
Wanshouxigong,2016-05-12 04:00:00,89.0,111.79166666666667,89.2062384766336,89.23301711267541,22.58542819003307,22.55864955399126
Aotizhongxin,2016-05-12 05:00:00,53.0,98.0,90.99096423758704,91.02882769834893,7.009035762412964,6.971172301651066
Changping,2016-05-12 05:00:00,66.0,76.20833333333333,58.008510082306074,58.00946168044398,18.199823251027254,18.198871652889352
Dingling,2016-05-12 05:00:00,57.0,68.54166666666667,66.25550513077975,66.35434062818067,2.2861615358869187,2.187326038486006
Dongsi,2016-05-12 05:00:00,12.0,118.75,87.83064384647949,87.93902720848317,30.91935615352051,30.810972791516832
Guanyuan,2016-05-12 05:00:00,55.0,94.54166666666667,90.59720787872314,90.63484326516911,3.9444587879435318,3.9068234014975616
Gucheng,2016-05-12 05:00:00,29.0,86.375,69.09967702717759,69.13473744349261,17.27532297282241,17.24026255650739
Huairou,2016-05-12 05:00:00,12.0,72.58333333333333,70.9851013568987,71.14573020590329,1.5982319764346329,1.4376031274300374
Nongzhanguan,2016-05-12 05:00:00,12.0,104.875,88.00842032089912,88.0822674259617,16.86657967910088,16.792732574038297
Shunyi,2016-05-12 05:00:00,12.0,85.20833333333333,87.09377422432986,87.1720123253969,-1.8854408909965343,-1.9636789920635778
Tiantan,2016-05-12 05:00:00,25.0,95.66666666666667,89.9963118893597,90.08544929109927,5.670354777306969,5.581217375567405
Wanliu,2016-05-12 05:00:00,17.0,97.91666666666667,83.13516694589467,83.23844346682668,14.781499720772004,14.67822319983999
Wanshouxigong,2016-05-12 05:00:00,53.0,111.79166666666667,90.79666824992225,90.84498809819081,20.994998416744423,20.94667856847586
Aotizhongxin,2016-05-12 06:00:00,38.0,98.0,95.73174763803831,96.06124677561868,2.268252361961686,1.9387532243813155
Changping,2016-05-12 06:00:00,63.0,76.20833333333333,77.22827032409006,77.15443697195792,-1.019936990756733,-0.9461036386245922
Dingling,2016-05-12 06:00:00,61.0,68.54166666666667,82.53856610528885,82.59381490568106,-13.99689943862218,-14.052148239014386
Dongsi,2016-05-12 06:00:00,12.0,118.75,94.82976176840056,95.32663851784649,23.92023823159944,23.42336148215351
Guanyuan,2016-05-12 06:00:00,46.0,94.54166666666667,97.05703963626762,97.27448551297778,-2.5153729696009464,-2.7328188463111047
Gucheng,2016-05-12 06:00:00,66.0,86.375,81.85897105879891,82.04449805276431,4.5160289412010854,4.330501947235689
Huairou,2016-05-12 06:00:00,12.0,72.58333333333333,86.2160288694302,86.88082763666623,-13.632695536096875,-14.297494303332897
Nongzhanguan,2016-05-12 06:00:00,12.0,104.875,94.90331534800801,95.1831027906595,9.971684651991993,9.691897209340496
Shunyi,2016-05-12 06:00:00,53.0,85.20833333333333,93.88312614098615,94.01444290388969,-8.674792807652821,-8.806109570556359
Tiantan,2016-05-12 06:00:00,12.0,95.66666666666667,97.49276173977168,98.06191970248028,-1.8260950731050087,-2.39525303581361
Wanliu,2016-05-12 06:00:00,46.0,97.91666666666667,94.23779563069382,94.49588011570589,3.678871035972847,3.420786550960784
Wanshouxigong,2016-05-12 06:00:00,50.0,111.79166666666667,97.99524654304237,98.44274424057585,13.796420123624301,13.348922426090823
Aotizhongxin,2016-05-12 07:00:00,59.0,98.0,104.4071008075143,104.50653366763581,-6.407100807514297,-6.506533667635807
Changping,2016-05-12 07:00:00,61.0,76.20833333333333,80.84478226787658,80.74773626655592,-4.636448934543253,-4.53940293322259
Dingling,2016-05-12 07:00:00,78.0,68.54166666666667,86.89527073836496,86.84659437469125,-18.353604071698285,-18.30492770802458
Dongsi,2016-05-12 07:00:00,12.0,118.75,102.77534228125748,102.95777575898711,15.97465771874252,15.792224241012889
Guanyuan,2016-05-12 07:00:00,66.0,94.54166666666667,107.62829649513267,107.72309828391934,-13.086629828466002,-13.18143161725267
Gucheng,2016-05-12 07:00:00,55.0,86.375,75.74787524941642,75.72174975859858,10.627124750583576,10.653250241401423
Huairou,2016-05-12 07:00:00,12.0,72.58333333333333,88.36724148417363,88.50658859159567,-15.783908150840304,-15.923255258262344
Nongzhanguan,2016-05-12 07:00:00,12.0,104.875,100.08693031926775,100.62300594380291,4.788069680732249,4.251994056197091
Shunyi,2016-05-12 07:00:00,25.0,85.20833333333333,101.48992250973126,101.62356588745845,-16.28158917639793,-16.415232554125126
Tiantan,2016-05-12 07:00:00,12.0,95.66666666666667,103.50649256836374,103.83605848174065,-7.839825901697068,-8.169391815073979
Wanliu,2016-05-12 07:00:00,59.0,97.91666666666667,82.42018572129524,82.36690061748772,15.496480945371431,15.549766049178956
Wanshouxigong,2016-05-12 07:00:00,46.0,111.79166666666667,104.10801220397909,104.255694871506,7.683654462687585,7.535971795160677
Aotizhongxin,2016-05-12 08:00:00,12.0,98.0,101.44982335080856,101.60866315131531,-3.4498233508085576,-3.6086631513153122
Changping,2016-05-12 08:00:00,33.0,76.20833333333333,84.19028472076418,84.21722014445959,-7.981951387430854,-8.00888681112626
Dingling,2016-05-12 08:00:00,38.0,68.54166666666667,85.67868195433172,85.89984230263906,-17.13701528766505,-17.358175635972387
Dongsi,2016-05-12 08:00:00,12.0,118.75,102.88125792339288,103.05847882725082,15.86874207660712,15.691521172749177
Guanyuan,2016-05-12 08:00:00,78.0,94.54166666666667,110.82660265247782,110.8674248070461,-16.284935985811146,-16.325758140379435
Gucheng,2016-05-12 08:00:00,72.0,86.375,79.31594375131554,79.22843949098362,7.059056248684456,7.146560509016382
Huairou,2016-05-12 08:00:00,33.0,72.58333333333333,93.26411509420419,93.37655600942486,-20.680781760870858,-20.79322267609153
Nongzhanguan,2016-05-12 08:00:00,12.0,104.875,101.2594360155621,101.62840551430268,3.615563984437898,3.2465944856973152
Shunyi,2016-05-12 08:00:00,38.0,85.20833333333333,112.54279211667624,112.5997553684757,-27.33445878334291,-27.39142203514237
Tiantan,2016-05-12 08:00:00,38.0,95.66666666666667,106.44296538517277,106.50258709812084,-10.776298718506098,-10.83592043145417
Wanliu,2016-05-12 08:00:00,61.0,97.91666666666667,99.0524529971033,99.16433865133888,-1.1357863304366305,-1.247671984672209
Wanshouxigong,2016-05-12 08:00:00,33.0,111.79166666666667,102.20894163961151,102.52442706105506,9.582725027055162,9.267239605611607
Aotizhongxin,2016-05-12 09:00:00,95.0,98.0,96.9287426071148,96.84593154754432,1.071257392885201,1.1540684524556752
Changping,2016-05-12 09:00:00,72.0,76.20833333333333,66.15643874100722,66.15791238340516,10.051894592326107,10.050420949928167
Dingling,2016-05-12 09:00:00,70.0,68.54166666666667,66.48549065410022,66.57897319067503,2.0561760125664534,1.9626934759916423
Dongsi,2016-05-12 09:00:00,12.0,118.75,89.03642802862545,89.10143752721041,29.71357197137455,29.648562472789592
Guanyuan,2016-05-12 09:00:00,97.0,94.54166666666667,98.84871823537412,98.77242879485738,-4.30705156870745,-4.230762128190705
Gucheng,2016-05-12 09:00:00,68.0,86.375,49.37509726480779,49.52096080664559,36.99990273519221,36.85403919335441
Huairou,2016-05-12 09:00:00,12.0,72.58333333333333,83.9113938820449,84.14757024675747,-11.328060548711576,-11.56423691342414
Nongzhanguan,2016-05-12 09:00:00,12.0,104.875,88.97489757065938,89.23269632457286,15.90010242934062,15.642303675427144
Shunyi,2016-05-12 09:00:00,33.0,85.20833333333333,114.68359184843773,114.80749135783414,-29.4752585151044,-29.59915802450081
Tiantan,2016-05-12 09:00:00,89.0,95.66666666666667,98.98549294121129,98.88288852499193,-3.3188262745446195,-3.2162218583252553
Wanliu,2016-05-12 09:00:00,78.0,97.91666666666667,82.8061521104792,82.64062181702303,15.110514556187468,15.27604484964364
Wanshouxigong,2016-05-12 09:00:00,105.0,111.79166666666667,97.12065823014908,97.05215852484223,14.671008436517596,14.739508141824444
Aotizhongxin,2016-05-12 10:00:00,59.0,98.0,86.18391558529261,86.11534983904714,11.81608441470739,11.884650160952859
Changping,2016-05-12 10:00:00,59.0,76.20833333333333,88.65786633741874,88.65537608313517,-12.44953300408541,-12.447042749801838
Dingling,2016-05-12 10:00:00,59.0,68.54166666666667,89.10924710081355,89.06520452407463,-20.567580434146876,-20.52353785740796
Dongsi,2016-05-12 10:00:00,12.0,118.75,77.32956189281269,77.43531874986705,41.42043810718731,41.31468125013295
Guanyuan,2016-05-12 10:00:00,93.0,94.54166666666667,90.87731583615795,90.74676887744829,3.664350830508724,3.794897789218382
Gucheng,2016-05-12 10:00:00,68.0,86.375,43.263073839700624,43.1814359139798,43.111926160299376,43.1935640860202
Huairou,2016-05-12 10:00:00,53.0,72.58333333333333,82.12594764344415,82.03841419581013,-9.542614310110821,-9.455080862476805
Nongzhanguan,2016-05-12 10:00:00,50.0,104.875,83.53093748322054,83.70398238879683,21.34406251677946,21.17101761120317
Shunyi,2016-05-12 10:00:00,55.0,85.20833333333333,68.43206252599653,68.29410616825437,16.7762708073368,16.914227165078955
Tiantan,2016-05-12 10:00:00,76.0,95.66666666666667,89.0923667512991,88.96672899383563,6.574299915367575,6.699937672831041
Wanliu,2016-05-12 10:00:00,55.0,97.91666666666667,88.95307854253534,88.83441308542058,8.963588124131334,9.082253581246093
Wanshouxigong,2016-05-12 10:00:00,61.0,111.79166666666667,85.38328967763502,85.31898643501737,26.40837698903165,26.472680231649306
Aotizhongxin,2016-05-12 11:00:00,59.0,98.0,98.39504598470214,98.31815144172955,-0.39504598470213637,-0.31815144172955456
Changping,2016-05-12 11:00:00,50.0,76.20833333333333,67.03489346796263,66.96767558771224,9.173439865370696,9.240657745621093
Dingling,2016-05-12 11:00:00,74.0,68.54166666666667,70.05894834950945,70.0677095202046,-1.5172816828427784,-1.5260428535379305
Dongsi,2016-05-12 11:00:00,12.0,118.75,89.77586889571958,89.83425361330734,28.974131104280417,28.91574638669266
Guanyuan,2016-05-12 11:00:00,55.0,94.54166666666667,98.41384498155692,98.36601733563609,-3.872178314890249,-3.824350668969416
Gucheng,2016-05-12 11:00:00,89.0,86.375,81.76037220318437,81.60874360704241,4.6146277968156255,4.766256392957587
Huairou,2016-05-12 11:00:00,55.0,72.58333333333333,71.36340830088699,71.25070674692522,1.2199250324463407,1.3326265864081108
Nongzhanguan,2016-05-12 11:00:00,74.0,104.875,99.44459869937873,99.57330754430618,5.43040130062127,5.301692455693825
Shunyi,2016-05-12 11:00:00,66.0,85.20833333333333,69.98387749078711,69.87593133820579,15.22445584254622,15.33240199512754
Tiantan,2016-05-12 11:00:00,42.0,95.66666666666667,97.52031715180675,97.45099373149412,-1.8536504851400792,-1.7843270648274512
Wanliu,2016-05-12 11:00:00,42.0,97.91666666666667,98.99849197429586,98.92851398268824,-1.0818253076291882,-1.0118473160215729
Wanshouxigong,2016-05-12 11:00:00,42.0,111.79166666666667,95.63478989085442,95.59250239508478,16.15687677581225,16.199164271581893
Aotizhongxin,2016-05-12 12:00:00,66.0,98.0,85.15175336484396,85.01126024466897,12.848246635156045,12.988739755331025
Changping,2016-05-12 12:00:00,72.0,76.20833333333333,83.47085608675778,83.25267211881237,-7.262522753424449,-7.044338785479042
Dingling,2016-05-12 12:00:00,68.0,68.54166666666667,80.71939722157211,80.60281658120154,-12.177730554905438,-12.061149914534866
Dongsi,2016-05-12 12:00:00,12.0,118.75,79.58381026607381,79.53833074039318,39.16618973392619,39.21166925960682
Guanyuan,2016-05-12 12:00:00,70.0,94.54166666666667,86.77652320301894,86.59129952680652,7.765143463647732,7.950367139860148
Gucheng,2016-05-12 12:00:00,93.0,86.375,86.64717514268979,86.53943306070947,-0.2721751426897896,-0.16443306070947017
Huairou,2016-05-12 12:00:00,46.0,72.58333333333333,65.06582608238794,64.93006420850871,7.5175072509453855,7.653269124824618
Nongzhanguan,2016-05-12 12:00:00,63.0,104.875,83.95504081009574,84.04918281732813,20.91995918990426,20.82581718267187
Shunyi,2016-05-12 12:00:00,66.0,85.20833333333333,66.26229473110854,66.20023531370694,18.94603860222479,19.008098019626388
Tiantan,2016-05-12 12:00:00,55.0,95.66666666666667,84.21123670216187,84.06448612634091,11.455429964504802,11.602180540325762
Wanliu,2016-05-12 12:00:00,53.0,97.91666666666667,92.18817272611581,92.11041789716955,5.728493940550862,5.806248769497117
Wanshouxigong,2016-05-12 12:00:00,50.0,111.79166666666667,82.3070930461254,82.1940997985082,29.48457362054127,29.597566868158466
Aotizhongxin,2016-05-12 13:00:00,70.0,98.0,85.19279009749721,84.99909911831257,12.807209902502791,13.000900881687429
Changping,2016-05-12 13:00:00,46.0,76.20833333333333,97.58165084620583,97.32033233055535,-21.373317512872504,-21.111998997222017
Dingling,2016-05-12 13:00:00,68.0,68.54166666666667,100.31691170989774,100.10539337560178,-31.775245043231067,-31.563726708935107
Dongsi,2016-05-12 13:00:00,12.0,118.75,78.9895355080543,79.13039702929987,39.7604644919457,39.61960297070013
Guanyuan,2016-05-12 13:00:00,68.0,94.54166666666667,84.82933694068844,84.62494347681285,9.712329725978236,9.916723189853826
Gucheng,2016-05-12 13:00:00,89.0,86.375,89.96701238191423,89.7556231762347,-3.5920123819142304,-3.3806231762347068
Huairou,2016-05-12 13:00:00,46.0,72.58333333333333,81.27930528171306,81.13132133812971,-8.695971948379736,-8.54798800479638
Nongzhanguan,2016-05-12 13:00:00,74.0,104.875,85.07327469285363,85.21056352557068,19.80172530714637,19.664436474429323
Shunyi,2016-05-12 13:00:00,61.0,85.20833333333333,88.7684288287421,88.59851045878042,-3.560095495408774,-3.390177125447096
Tiantan,2016-05-12 13:00:00,76.0,95.66666666666667,85.78644170999655,85.61135662400844,9.88022495667012,10.055310042658235
Wanliu,2016-05-12 13:00:00,57.0,97.91666666666667,100.94542149864118,100.78790267976339,-3.02875483197451,-2.87123601309672
Wanshouxigong,2016-05-12 13:00:00,78.0,111.79166666666667,84.89652731995528,84.70543018372074,26.89513934671139,27.086236482945935
Aotizhongxin,2016-05-12 14:00:00,29.0,98.0,100.24639528057445,100.13752515296702,-2.246395280574447,-2.137525152967015
Changping,2016-05-12 14:00:00,33.0,76.20833333333333,82.39612415270724,82.0849726805568,-6.187790819373916,-5.876639347223474
Dingling,2016-05-12 14:00:00,76.0,68.54166666666667,87.48705144943281,87.19638612320155,-18.94538478276614,-18.654719456534878
Dongsi,2016-05-12 14:00:00,82.0,118.75,103.387156528547,103.15942581902671,15.362843471453004,15.590574180973292
Guanyuan,2016-05-12 14:00:00,68.0,94.54166666666667,103.6420688181042,103.41302102396497,-9.100402151437535,-8.871354357298301
Gucheng,2016-05-12 14:00:00,72.0,86.375,93.45680691338524,93.23551828959774,-7.081806913385236,-6.860518289597735
Huairou,2016-05-12 14:00:00,55.0,72.58333333333333,64.6088902398962,64.35767178221326,7.974443093437131,8.22566155112007
Nongzhanguan,2016-05-12 14:00:00,21.0,104.875,98.35992594080898,98.54286629748692,6.515074059191022,6.332133702513076
Shunyi,2016-05-12 14:00:00,42.0,85.20833333333333,79.97304258064356,79.79046504333937,5.235290752689764,5.417868289993962
Tiantan,2016-05-12 14:00:00,70.0,95.66666666666667,104.66803275741823,104.42902509404715,-9.00136609075156,-8.762358427380477
Wanliu,2016-05-12 14:00:00,63.0,97.91666666666667,111.47539953324844,111.34203160595511,-13.558732866581764,-13.425364939288443
Wanshouxigong,2016-05-12 14:00:00,84.0,111.79166666666667,105.02118461459398,104.78246364223651,6.770482052072694,7.009203024430164
Aotizhongxin,2016-05-12 15:00:00,38.0,98.0,98.05308408196751,97.96740766719836,-0.05308408196751202,0.03259233280164153
Changping,2016-05-12 15:00:00,42.0,76.20833333333333,74.06968931529866,73.71416703832477,2.138644018034668,2.4941662950085544
Dingling,2016-05-12 15:00:00,55.0,68.54166666666667,76.14862299830196,75.86181300129229,-7.606956331635288,-7.320146334625619
Dongsi,2016-05-12 15:00:00,66.0,118.75,98.78464466673316,98.55109077485545,19.965355333266842,20.198909225144547
Guanyuan,2016-05-12 15:00:00,53.0,94.54166666666667,98.25100204647556,97.94010292056907,-3.7093353798088913,-3.3984362539024033
Gucheng,2016-05-12 15:00:00,70.0,86.375,109.00975244758698,108.71519617929049,-22.634752447586976,-22.340196179290487
Huairou,2016-05-12 15:00:00,21.0,72.58333333333333,61.72023138263617,61.43125426153074,10.863101950697157,11.15207907180259
Nongzhanguan,2016-05-12 15:00:00,12.0,104.875,93.63267538128493,93.7362000384268,11.242324618715074,11.138799961573199
Shunyi,2016-05-12 15:00:00,33.0,85.20833333333333,96.05739692210423,95.77908190127832,-10.849063588770903,-10.570748567944989
Tiantan,2016-05-12 15:00:00,59.0,95.66666666666667,99.91190628422925,99.59533542654204,-4.245239617562575,-3.9286687598753645
Wanliu,2016-05-12 15:00:00,68.0,97.91666666666667,91.59261641924215,91.27710730859532,6.324050247424523,6.639559358071352
Wanshouxigong,2016-05-12 15:00:00,12.0,111.79166666666667,95.02589231683069,94.79338487234313,16.76577434983598,16.998281794323546
Aotizhongxin,2016-05-12 16:00:00,21.0,98.0,90.48409325706962,90.12836965417986,7.515906742930383,7.871630345820137
Changping,2016-05-12 16:00:00,53.0,76.20833333333333,83.44443524529851,83.05339905972409,-7.236101911965179,-6.845065726390757
Dingling,2016-05-12 16:00:00,17.0,68.54166666666667,83.94664745895886,83.69512336963506,-15.404980792292193,-15.153456702968384
Dongsi,2016-05-12 16:00:00,66.0,118.75,92.38759791957577,91.99920887885723,26.362402080424232,26.75079112114277
Guanyuan,2016-05-12 16:00:00,57.0,94.54166666666667,91.92697606736859,91.53244054248096,2.6146905992980862,3.009226124185716
Gucheng,2016-05-12 16:00:00,84.0,86.375,95.38790423271746,95.0172018126413,-9.01290423271746,-8.642201812641304
Huairou,2016-05-12 16:00:00,12.0,72.58333333333333,53.661273755126544,53.4775292436192,18.922059578206785,19.105804089714127
Nongzhanguan,2016-05-12 16:00:00,57.0,104.875,98.34865772184281,98.02487209795984,6.526342278157188,6.850127902040157
Shunyi,2016-05-12 16:00:00,21.0,85.20833333333333,91.45363643796469,91.15155930624351,-6.245303104631361,-5.943225972910184
Tiantan,2016-05-12 16:00:00,74.0,95.66666666666667,95.66601073013122,95.2368798253604,0.0006559365354519286,0.4297868413062673
Wanliu,2016-05-12 16:00:00,12.0,97.91666666666667,94.67970747384814,94.41011928988875,3.2369591928185315,3.5065473767779167
Wanshouxigong,2016-05-12 16:00:00,12.0,111.79166666666667,88.41590485981484,88.11277065297352,23.375761806851827,23.678896013693148
Aotizhongxin,2016-05-12 17:00:00,61.0,98.0,101.99372684385013,101.60066591833555,-3.9937268438501263,-3.600665918335551
Changping,2016-05-12 17:00:00,63.0,76.20833333333333,86.8650844752066,86.39887884154068,-10.656751141873272,-10.19054550820735
Dingling,2016-05-12 17:00:00,29.0,68.54166666666667,86.07146158337845,85.82632427868839,-17.52979491671178,-17.284657612021718
Dongsi,2016-05-12 17:00:00,66.0,118.75,100.44619986451299,100.0404351033855,18.30380013548701,18.709564896614495
Guanyuan,2016-05-12 17:00:00,21.0,94.54166666666667,98.60187297629909,98.41844224678076,-4.06020630963242,-3.876775580114085
Gucheng,2016-05-12 17:00:00,87.0,86.375,100.11072641662325,99.66131949058638,-13.735726416623251,-13.28631949058638
Huairou,2016-05-12 17:00:00,21.0,72.58333333333333,67.76916337693169,67.4116271122948,4.814169956401642,5.171706221038534
Nongzhanguan,2016-05-12 17:00:00,74.0,104.875,108.5335604994947,108.10262683847571,-3.6585604994946976,-3.2276268384757145
Shunyi,2016-05-12 17:00:00,29.0,85.20833333333333,90.8348592747388,90.45239293293068,-5.626525941405475,-5.24405959959735
Tiantan,2016-05-12 17:00:00,46.0,95.66666666666667,100.90642444982588,100.51496883740829,-5.239757783159206,-4.8483021707416185
Wanliu,2016-05-12 17:00:00,12.0,97.91666666666667,103.19502574784983,102.89976517536587,-5.2783590811831544,-4.9830985086992
Wanshouxigong,2016-05-12 17:00:00,12.0,111.79166666666667,96.89745002750793,96.61321510565986,14.894216639158742,15.17845156100681
Aotizhongxin,2016-05-12 18:00:00,42.0,98.0,97.75915591715913,97.38843651146283,0.24084408284086578,0.6115634885371719
Changping,2016-05-12 18:00:00,63.0,76.20833333333333,98.05415260197044,97.74114908830126,-21.845819268637115,-21.532815754967928
Dingling,2016-05-12 18:00:00,87.0,68.54166666666667,104.28962685664308,103.99964639062685,-35.74796018997641,-35.45797972396018
Dongsi,2016-05-12 18:00:00,12.0,118.75,93.83150948149202,93.69899656066818,24.91849051850798,25.051003439331822
Guanyuan,2016-05-12 18:00:00,42.0,94.54166666666667,97.35455615917246,96.91461233591232,-2.8128894925057892,-2.3729456692456523
Gucheng,2016-05-12 18:00:00,66.0,86.375,98.91883505720645,98.51495497794215,-12.54383505720645,-12.139954977942153
Huairou,2016-05-12 18:00:00,29.0,72.58333333333333,91.3108956479631,91.03055309107522,-18.727562314629765,-18.44721975774189
Nongzhanguan,2016-05-12 18:00:00,63.0,104.875,104.87391797753553,104.43558134688607,0.001082022464473198,0.4394186531139326
Shunyi,2016-05-12 18:00:00,25.0,85.20833333333333,103.64401437268378,103.41897506454052,-18.435681039350456,-18.21064173120719
Tiantan,2016-05-12 18:00:00,57.0,95.66666666666667,99.73279056747508,99.29782113191442,-4.066123900808407,-3.6311544652477465
Wanliu,2016-05-12 18:00:00,12.0,97.91666666666667,113.20426335776727,112.90773537548179,-15.287596691100603,-14.99106870881512
Wanshouxigong,2016-05-12 18:00:00,12.0,111.79166666666667,94.5790380379474,94.22807127795805,17.212628628719273,17.56359538870862
Aotizhongxin,2016-05-12 19:00:00,42.0,98.0,113.01072818705771,112.77364832830496,-15.010728187057708,-14.773648328304958
Changping,2016-05-12 19:00:00,74.0,76.20833333333333,112.77429690101707,112.61282695506104,-36.56596356768374,-36.40449362172771
Dingling,2016-05-12 19:00:00,154.0,68.54166666666667,125.45067561669708,124.99107133571147,-56.90900895003041,-56.449404669044796
Dongsi,2016-05-12 19:00:00,17.0,118.75,110.48833915189093,110.35885119243842,8.261660848109074,8.391148807561578
Guanyuan,2016-05-12 19:00:00,50.0,94.54166666666667,115.55786485914663,115.22775612662622,-21.016198192479962,-20.686089459959547
Gucheng,2016-05-12 19:00:00,68.0,86.375,121.74625765219926,121.50758580328079,-35.37125765219926,-35.13258580328079
Huairou,2016-05-12 19:00:00,42.0,72.58333333333333,104.17811520759746,104.03445519719,-31.59478187426413,-31.45112186385667
Nongzhanguan,2016-05-12 19:00:00,33.0,104.875,118.64972758330673,118.3677197845295,-13.774727583306728,-13.492719784529498
Shunyi,2016-05-12 19:00:00,46.0,85.20833333333333,122.065346123462,121.9536879584756,-36.85701279012868,-36.74535462514227
Tiantan,2016-05-12 19:00:00,55.0,95.66666666666667,116.09533560913349,115.81068900761127,-20.428668942466814,-20.144022340944602
Wanliu,2016-05-12 19:00:00,38.0,97.91666666666667,124.37230974879354,124.21253595352341,-26.45564308212687,-26.295869286856743
Wanshouxigong,2016-05-12 19:00:00,12.0,111.79166666666667,111.42961739888484,111.47708443483045,0.36204926778182767,0.31458223183622636
Aotizhongxin,2016-05-12 20:00:00,80.0,98.0,132.51080937335104,132.39802735775066,-34.51080937335104,-34.398027357750664
Changping,2016-05-12 20:00:00,61.0,76.20833333333333,113.50939788887712,113.55560690075936,-37.30106455554379,-37.34727356742603
Dingling,2016-05-12 20:00:00,68.0,68.54166666666667,114.75648331616624,114.88764704485718,-46.21481664949957,-46.345980378190504
Dongsi,2016-05-12 20:00:00,95.0,118.75,135.16898762174438,135.06788776972158,-16.418987621744378,-16.31788776972158
Guanyuan,2016-05-12 20:00:00,70.0,94.54166666666667,136.4752327328849,136.4147760777456,-41.93356606621823,-41.87310941107894
Gucheng,2016-05-12 20:00:00,84.0,86.375,118.64387351356602,118.42905607375384,-32.26887351356602,-32.05405607375384
Huairou,2016-05-12 20:00:00,59.0,72.58333333333333,103.97177473321076,104.01113440397924,-31.388441399877436,-31.427801070645913
Nongzhanguan,2016-05-12 20:00:00,57.0,104.875,138.5284405385851,138.4658971201624,-33.6534405385851,-33.590897120162396
Shunyi,2016-05-12 20:00:00,74.0,85.20833333333333,130.30722268473426,130.12414806047695,-45.09888935140093,-44.915814727143626
Tiantan,2016-05-12 20:00:00,70.0,95.66666666666667,133.1169141398086,133.79330301307868,-37.45024747314194,-38.12663634641201
Wanliu,2016-05-12 20:00:00,72.0,97.91666666666667,136.09803639990454,136.08607712708746,-38.18136973323787,-38.16941046042079
Wanshouxigong,2016-05-12 20:00:00,12.0,111.79166666666667,125.3889028226319,125.89340793895032,-13.597236155965234,-14.101741272283647
Aotizhongxin,2016-05-12 21:00:00,46.0,98.0,130.09133676696342,130.36010829538455,-32.09133676696342,-32.36010829538455
Changping,2016-05-12 21:00:00,66.0,76.20833333333333,117.94458912573117,118.07535241238807,-41.73625579239784,-41.86701907905474
Dingling,2016-05-12 21:00:00,72.0,68.54166666666667,116.3494689764377,116.38882476639748,-47.807802309771034,-47.847158099730805
Dongsi,2016-05-12 21:00:00,156.0,118.75,146.22002201783306,145.9232981090077,-27.47002201783306,-27.173298109007703
Guanyuan,2016-05-12 21:00:00,84.0,94.54166666666667,138.8328862021059,138.93530279511643,-44.291219535439225,-44.39363612844976
Gucheng,2016-05-12 21:00:00,107.0,86.375,137.62716139936867,137.96223806381326,-51.252161399368674,-51.58723806381326
Huairou,2016-05-12 21:00:00,66.0,72.58333333333333,106.09009736604845,106.71273067701725,-33.506764032715125,-34.12939734368392
Nongzhanguan,2016-05-12 21:00:00,74.0,104.875,147.21366690012718,147.27352923002712,-42.33866690012718,-42.39852923002712
Shunyi,2016-05-12 21:00:00,82.0,85.20833333333333,134.42947580098314,134.40678233083023,-49.22114246764981,-49.1984489974969
Tiantan,2016-05-12 21:00:00,57.0,95.66666666666667,124.55774958892077,124.76820290602372,-28.8910829222541,-29.101536239357046
Wanliu,2016-05-12 21:00:00,82.0,97.91666666666667,143.61445127285427,143.88112467748422,-45.6977846061876,-45.96445801081755
Wanshouxigong,2016-05-12 21:00:00,29.0,111.79166666666667,127.15317604963019,127.53340905229535,-15.361509382963519,-15.741742385628683
Aotizhongxin,2016-05-12 22:00:00,72.0,98.0,136.47256917478393,137.01350889020458,-38.47256917478393,-39.01350889020458
Changping,2016-05-12 22:00:00,70.0,76.20833333333333,119.65990648108097,119.74646786501866,-43.45157314774764,-43.53813453168533
Dingling,2016-05-12 22:00:00,42.0,68.54166666666667,114.09859198355008,114.24359515370585,-45.55692531688341,-45.70192848703918
Dongsi,2016-05-12 22:00:00,147.0,118.75,150.6386404286028,150.50286353863012,-31.8886404286028,-31.752863538630123
Guanyuan,2016-05-12 22:00:00,110.0,94.54166666666667,142.81027361761514,143.127477223103,-48.26860695094847,-48.58581055643633
Gucheng,2016-05-12 22:00:00,158.0,86.375,145.51908353440513,146.12748613608358,-59.14408353440513,-59.752486136083576
Huairou,2016-05-12 22:00:00,57.0,72.58333333333333,118.52576124258435,118.75215037750922,-45.94242790925102,-46.168817044175896
Nongzhanguan,2016-05-12 22:00:00,78.0,104.875,156.58961904471602,156.66697561806077,-51.71461904471602,-51.791975618060775
Shunyi,2016-05-12 22:00:00,70.0,85.20833333333333,128.80780679528368,128.9284685572661,-43.59947346195035,-43.72013522393276
Tiantan,2016-05-12 22:00:00,42.0,95.66666666666667,126.43635399980798,126.55160226804615,-30.769687333141306,-30.884935601379482
Wanliu,2016-05-12 22:00:00,112.0,97.91666666666667,144.1857462355684,144.10360225709329,-46.26907956890172,-46.186935590426614
Wanshouxigong,2016-05-12 22:00:00,33.0,111.79166666666667,132.0631340744356,132.64808639613753,-20.271467407768924,-20.856419729470858
Aotizhongxin,2016-05-12 23:00:00,91.0,98.0,134.5739978347751,135.08292718668548,-36.5739978347751,-37.08292718668548
Changping,2016-05-12 23:00:00,66.0,76.20833333333333,118.23866430913358,118.37172879976319,-42.030330975800254,-42.16339546642986
Dingling,2016-05-12 23:00:00,55.0,68.54166666666667,113.78631880952733,113.9651776011109,-45.24465214286066,-45.423510934444224
Dongsi,2016-05-12 23:00:00,132.0,118.75,144.39766855162065,144.2532131914851,-25.647668551620654,-25.503213191485088
Guanyuan,2016-05-12 23:00:00,112.0,94.54166666666667,138.7822797412285,139.06982304790026,-44.240613074561836,-44.528156381233586
Gucheng,2016-05-12 23:00:00,132.0,86.375,132.8324891676779,133.0114706537025,-46.45748916767789,-46.6364706537025
Huairou,2016-05-12 23:00:00,53.0,72.58333333333333,115.16058918747723,115.43398253707029,-42.5772558541439,-42.850649203736964
Nongzhanguan,2016-05-12 23:00:00,124.0,104.875,157.64601104015702,157.60580666773316,-52.77101104015702,-52.73080666773316
Shunyi,2016-05-12 23:00:00,72.0,85.20833333333333,140.2208842239928,140.34644442616573,-55.01255089065948,-55.1381110928324
Tiantan,2016-05-12 23:00:00,68.0,95.66666666666667,126.54775659853581,126.89176761235048,-30.88108993186914,-31.225100945683806
Wanliu,2016-05-12 23:00:00,97.0,97.91666666666667,134.69893061946848,134.76087482817744,-36.78226395280181,-36.844208161510764
Wanshouxigong,2016-05-12 23:00:00,153.0,111.79166666666667,134.57167568645485,134.987125836653,-22.78000901978818,-23.195459169986336
Aotizhongxin,2016-05-13 00:00:00,112.0,111.08333333333333,132.05399906068223,132.07176806434464,-20.9706657273489,-20.98843473101131
Changping,2016-05-13 00:00:00,59.0,101.66666666666667,116.59539021317548,116.54269278879984,-14.928723546508806,-14.876026122133169
Dingling,2016-05-13 00:00:00,46.0,93.625,110.61487948022584,110.73724291996908,-16.989879480225838,-17.112242919969077
Dongsi,2016-05-13 00:00:00,169.0,121.70833333333333,150.6635062615531,151.02452532500456,-28.955172928219767,-29.316191991671232
Guanyuan,2016-05-13 00:00:00,129.0,115.45833333333333,139.10298078856187,139.32585481658543,-23.644647455228537,-23.867521483252105
Gucheng,2016-05-13 00:00:00,99.0,115.08333333333333,126.018673457896,125.9909199920128,-10.935340124562671,-10.907586658679477
Huairou,2016-05-13 00:00:00,50.0,111.66666666666667,107.21044135835544,107.43235192832609,4.456225308311232,4.234314738340586
Nongzhanguan,2016-05-13 00:00:00,177.0,107.75,169.64838036415176,169.56969654372523,-61.89838036415176,-61.81969654372523
Shunyi,2016-05-13 00:00:00,82.0,113.875,135.5524206980148,135.8076105171277,-21.6774206980148,-21.9326105171277
Tiantan,2016-05-13 00:00:00,80.0,103.375,126.64111808764903,126.77589899530015,-23.266118087649033,-23.400898995300153
Wanliu,2016-05-13 00:00:00,89.0,105.95833333333333,137.31208554081226,137.3150027271084,-31.353752207478934,-31.35666939377508
Wanshouxigong,2016-05-13 00:00:00,151.0,113.5,132.2459428515163,132.70355309183196,-18.745942851516304,-19.203553091831964
Aotizhongxin,2016-05-13 01:00:00,134.0,111.08333333333333,127.53388162498916,127.8827030804058,-16.450548291655835,-16.799369747072475
Changping,2016-05-13 01:00:00,42.0,101.66666666666667,97.3258931636126,97.35110977631662,4.340773503054066,4.315556890350052
Dingling,2016-05-13 01:00:00,29.0,93.625,99.32761125541066,99.37768679079238,-5.702611255410659,-5.7526867907923815
Dongsi,2016-05-13 01:00:00,129.0,121.70833333333333,133.11610012775444,133.16875907836584,-11.407766794421107,-11.46042574503251
Guanyuan,2016-05-13 01:00:00,99.0,115.45833333333333,129.26941468414162,129.47064718567447,-13.811081350808294,-14.012313852341137
Gucheng,2016-05-13 01:00:00,55.0,115.08333333333333,122.82509234007833,122.89285924208244,-7.741759006744999,-7.809525908749109
Huairou,2016-05-13 01:00:00,50.0,111.66666666666667,109.02949778571083,109.43890712524723,2.6371688809558407,2.227759541419445
Nongzhanguan,2016-05-13 01:00:00,129.0,107.75,145.43824560567876,145.665436050135,-37.68824560567876,-37.915436050135014
Shunyi,2016-05-13 01:00:00,84.0,113.875,126.36538422687703,126.76806879728252,-12.490384226877026,-12.893068797282524
Tiantan,2016-05-13 01:00:00,93.0,103.375,119.99947226428944,120.41230361547453,-16.624472264289437,-17.037303615474528
Wanliu,2016-05-13 01:00:00,84.0,105.95833333333333,135.24648265619476,135.508034720735,-29.28814932286143,-29.54970138740167
Wanshouxigong,2016-05-13 01:00:00,153.0,113.5,129.66675908352082,130.0251188439997,-16.166759083520816,-16.525118843999707
Aotizhongxin,2016-05-13 02:00:00,110.0,111.08333333333333,127.66874216276769,127.70082330608714,-16.585408829434357,-16.617489972753816
Changping,2016-05-13 02:00:00,42.0,101.66666666666667,110.02303889679924,110.04992548664043,-8.356372230132564,-8.383258819973761
Dingling,2016-05-13 02:00:00,12.0,93.625,105.37788003320078,105.52510298740864,-11.752880033200782,-11.900102987408644
Dongsi,2016-05-13 02:00:00,93.0,121.70833333333333,130.80354650917218,131.00073146915548,-9.09521317583885,-9.292398135822154
Guanyuan,2016-05-13 02:00:00,84.0,115.45833333333333,130.5571273967562,130.84926484773885,-15.098794063422858,-15.390931514405523
Gucheng,2016-05-13 02:00:00,42.0,115.08333333333333,117.97838171437678,118.16251304739578,-2.895048381043452,-3.079179714062448
Huairou,2016-05-13 02:00:00,66.0,111.66666666666667,105.9819046371557,106.06373634185779,5.684762029510978,5.602930324808881
Nongzhanguan,2016-05-13 02:00:00,115.0,107.75,145.7822113421205,146.1595383096999,-38.03221134212049,-38.40953830969991
Shunyi,2016-05-13 02:00:00,80.0,113.875,120.85465277203124,121.30603926549205,-6.979652772031244,-7.431039265492046
Tiantan,2016-05-13 02:00:00,110.0,103.375,121.79032473238598,121.96884649442089,-18.415324732385983,-18.593846494420887
Wanliu,2016-05-13 02:00:00,84.0,105.95833333333333,130.17349432817664,130.43241490638403,-24.215160994843316,-24.474081573050697
Wanshouxigong,2016-05-13 02:00:00,132.0,113.5,128.90942920102245,129.28152889827317,-15.409429201022448,-15.781528898273166
Aotizhongxin,2016-05-13 03:00:00,82.0,111.08333333333333,125.52397818340609,125.52122504907963,-14.440644850072758,-14.437891715746304
Changping,2016-05-13 03:00:00,42.0,101.66666666666667,107.86697850872977,107.83354743519156,-6.200311842063101,-6.166880768524891
Dingling,2016-05-13 03:00:00,12.0,93.625,107.90420407715429,107.97269618548654,-14.27920407715429,-14.34769618548654
Dongsi,2016-05-13 03:00:00,152.0,121.70833333333333,135.128218037648,135.4896765955201,-13.419884704314669,-13.78134326218678
Guanyuan,2016-05-13 03:00:00,78.0,115.45833333333333,127.89958559571159,128.18702440497128,-12.441252262378256,-12.728691071637954
Gucheng,2016-05-13 03:00:00,42.0,115.08333333333333,118.56893524959804,118.76982268330792,-3.485601916264713,-3.686489349974593
Huairou,2016-05-13 03:00:00,46.0,111.66666666666667,106.86834672413875,107.17031506070634,4.798319942527925,4.496351605960328
Nongzhanguan,2016-05-13 03:00:00,122.0,107.75,145.47532336814035,145.8033591437387,-37.72532336814035,-38.0533591437387
Shunyi,2016-05-13 03:00:00,70.0,113.875,113.54483254585173,113.96451799017359,0.33016745414826687,-0.08951799017359008
Tiantan,2016-05-13 03:00:00,102.0,103.375,119.54518201586421,119.80903497347632,-16.170182015864214,-16.434034973476315
Wanliu,2016-05-13 03:00:00,87.0,105.95833333333333,134.45503475929112,134.40201196703214,-28.496701425957795,-28.44367863369881
Wanshouxigong,2016-05-13 03:00:00,97.0,113.5,124.27671215892278,124.62808233626122,-10.776712158922777,-11.128082336261215
Aotizhongxin,2016-05-13 04:00:00,29.0,111.08333333333333,129.3645821858498,129.75335221538936,-18.28124885251647,-18.670018882056027
Changping,2016-05-13 04:00:00,12.0,101.66666666666667,110.33428881566283,110.50735136558086,-8.66762214899616,-8.840684698914188
Dingling,2016-05-13 04:00:00,42.0,93.625,111.08302858330298,111.17713748476038,-17.458028583302976,-17.55213748476038
Dongsi,2016-05-13 04:00:00,112.0,121.70833333333333,144.68180355339797,144.63665697340602,-22.97347022006464,-22.92832364007269
Guanyuan,2016-05-13 04:00:00,87.0,115.45833333333333,138.29105641187218,138.46671473100596,-22.832723078538848,-23.008381397672636
Gucheng,2016-05-13 04:00:00,72.0,115.08333333333333,132.28916685107632,132.83380295392507,-17.205833517742988,-17.750469620591744
Huairou,2016-05-13 04:00:00,59.0,111.66666666666667,108.37697046718559,108.62881683253033,3.289696199481085,3.0378498341363382
Nongzhanguan,2016-05-13 04:00:00,107.0,107.75,151.02646480752963,151.39724461623064,-43.276464807529635,-43.64724461623064
Shunyi,2016-05-13 04:00:00,66.0,113.875,123.23518900285839,123.34472971489932,-9.360189002858391,-9.469729714899316
Tiantan,2016-05-13 04:00:00,102.0,103.375,129.3702382805332,129.69162649343707,-25.995238280533187,-26.31662649343707
Wanliu,2016-05-13 04:00:00,53.0,105.95833333333333,132.9796984095873,133.10497153742415,-27.021365076253957,-27.14663820409082
Wanshouxigong,2016-05-13 04:00:00,112.0,113.5,133.64434714618395,133.8888368019456,-20.144347146183947,-20.388836801945587
Aotizhongxin,2016-05-13 05:00:00,97.0,111.08333333333333,134.7541035796671,134.82062739529746,-23.67077024633376,-23.737294061964135
Changping,2016-05-13 05:00:00,53.0,101.66666666666667,113.94344877550958,113.9505494557073,-12.276782108842909,-12.283882789040632
Dingling,2016-05-13 05:00:00,38.0,93.625,110.20955057354172,110.3352334844781,-16.58455057354172,-16.710233484478096
Dongsi,2016-05-13 05:00:00,102.0,121.70833333333333,139.78933201085997,139.86797710111827,-18.080998677526637,-18.159643767784942
Guanyuan,2016-05-13 05:00:00,74.0,115.45833333333333,138.28129230892404,138.50097989120093,-22.82295897559071,-23.0426465578676
Gucheng,2016-05-13 05:00:00,50.0,115.08333333333333,124.12476641651443,124.49358665408016,-9.041433083181104,-9.410253320746833
Huairou,2016-05-13 05:00:00,42.0,111.66666666666667,104.65565023765353,104.8215385800643,7.011016429013139,6.845128086602372
Nongzhanguan,2016-05-13 05:00:00,91.0,107.75,147.6880370184664,147.9380636065252,-39.93803701846639,-40.18806360652519
Shunyi,2016-05-13 05:00:00,50.0,113.875,124.03180838976493,124.17605992585247,-10.156808389764933,-10.30105992585247
Tiantan,2016-05-13 05:00:00,87.0,103.375,125.07876365972601,125.44088379370935,-21.703763659726008,-22.065883793709347
Wanliu,2016-05-13 05:00:00,68.0,105.95833333333333,132.17177159770367,132.26533584942882,-26.21343826437034,-26.307002516095494
Wanshouxigong,2016-05-13 05:00:00,55.0,113.5,128.77723946527328,129.0119149215353,-15.277239465273283,-15.511914921535293
Aotizhongxin,2016-05-13 06:00:00,61.0,111.08333333333333,122.85533032415562,123.05460864043283,-11.771996990822288,-11.971275307099503
Changping,2016-05-13 06:00:00,66.0,101.66666666666667,110.69688359696679,110.87669830313126,-9.030216930300114,-9.210031636464592
Dingling,2016-05-13 06:00:00,25.0,93.625,101.1764834165483,101.36476507272133,-7.551483416548294,-7.739765072721326
Dongsi,2016-05-13 06:00:00,112.0,121.70833333333333,134.5590928441369,134.7231977143042,-12.85075951080357,-13.014864380970877
Guanyuan,2016-05-13 06:00:00,68.0,115.45833333333333,129.77279660284142,130.05795096314702,-14.314463269508096,-14.599617629813693
Gucheng,2016-05-13 06:00:00,38.0,115.08333333333333,126.99324925786289,127.12552612752212,-11.909915924529557,-12.042192794188793
Huairou,2016-05-13 06:00:00,33.0,111.66666666666667,108.10723161561886,108.24166665036347,3.5594350510478137,3.4250000163032013
Nongzhanguan,2016-05-13 06:00:00,91.0,107.75,148.5968600528961,149.02363126947458,-40.84686005289609,-41.27363126947458
Shunyi,2016-05-13 06:00:00,50.0,113.875,126.77100725779295,126.79087920424159,-12.896007257792945,-12.915879204241591
Tiantan,2016-05-13 06:00:00,72.0,103.375,114.9316827937128,115.41699776295275,-11.556682793712795,-12.041997762952747
Wanliu,2016-05-13 06:00:00,46.0,105.95833333333333,128.83631184866505,129.13508434794957,-22.87797851533172,-23.176751014616244
Wanshouxigong,2016-05-13 06:00:00,70.0,113.5,122.06932877936657,122.66008430096464,-8.569328779366572,-9.160084300964641
Aotizhongxin,2016-05-13 07:00:00,74.0,111.08333333333333,126.74912036611909,126.76869120642795,-15.665787032785758,-15.685357873094617
Changping,2016-05-13 07:00:00,72.0,101.66666666666667,122.8457508125685,122.9800563537622,-21.179084145901825,-21.313389687095523
Dingling,2016-05-13 07:00:00,29.0,93.625,109.5245831299414,109.69490373390667,-15.899583129941405,-16.06990373390667
Dongsi,2016-05-13 07:00:00,132.0,121.70833333333333,140.96686583698815,141.0136946274312,-19.25853250365482,-19.305361294097864
Guanyuan,2016-05-13 07:00:00,84.0,115.45833333333333,136.10464569778068,136.32671943144152,-20.646312364447354,-20.86838609810819
Gucheng,2016-05-13 07:00:00,59.0,115.08333333333333,123.64964908214662,123.86691093967622,-8.566315748813295,-8.783577606342888
Huairou,2016-05-13 07:00:00,46.0,111.66666666666667,116.03275343414917,116.32142067085817,-4.3660867674825,-4.654754004191503
Nongzhanguan,2016-05-13 07:00:00,91.0,107.75,140.6942253030139,141.23602158032247,-32.944225303013894,-33.48602158032247
Shunyi,2016-05-13 07:00:00,53.0,113.875,126.85287494733475,126.98025635173495,-12.977874947334755,-13.105256351734951
Tiantan,2016-05-13 07:00:00,93.0,103.375,132.50935193729862,132.58859824729902,-29.134351937298618,-29.213598247299018
Wanliu,2016-05-13 07:00:00,63.0,105.95833333333333,125.41047336314078,125.45858482816303,-19.452140029807452,-19.500251494829698
Wanshouxigong,2016-05-13 07:00:00,137.0,113.5,134.06881863965936,133.97901089083183,-20.568818639659355,-20.47901089083183
Aotizhongxin,2016-05-13 08:00:00,80.0,111.08333333333333,129.55269689247257,129.66948101797675,-18.46936355913924,-18.58614768464342
Changping,2016-05-13 08:00:00,70.0,101.66666666666667,129.75341126890595,129.65107611385133,-28.08674460223928,-27.98440944718466
Dingling,2016-05-13 08:00:00,59.0,93.625,121.27550782204875,121.2155206995007,-27.650507822048752,-27.5905206995007
Dongsi,2016-05-13 08:00:00,142.0,121.70833333333333,143.15411730431782,142.98819776794338,-21.445783970984493,-21.279864434610047
Guanyuan,2016-05-13 08:00:00,89.0,115.45833333333333,136.6062237546615,136.6596185184654,-21.14789042132817,-21.20128518513208
Gucheng,2016-05-13 08:00:00,91.0,115.08333333333333,127.87947178219213,127.99350445520098,-12.796138448858798,-12.910171121867648
Huairou,2016-05-13 08:00:00,57.0,111.66666666666667,116.89041753743304,116.92484132908695,-5.2237508707663665,-5.258174662420274
Nongzhanguan,2016-05-13 08:00:00,95.0,107.75,143.69814512338763,144.0379547811844,-35.94814512338763,-36.287954781184396
Shunyi,2016-05-13 08:00:00,59.0,113.875,125.04968483475231,125.14321776643972,-11.174684834752313,-11.268217766439719
Tiantan,2016-05-13 08:00:00,117.0,103.375,146.8500198605318,146.97206523843857,-43.4750198605318,-43.597065238438574
Wanliu,2016-05-13 08:00:00,55.0,105.95833333333333,126.62823574573477,126.68335415194332,-20.66990241240144,-20.72502081860999
Wanshouxigong,2016-05-13 08:00:00,162.0,113.5,148.69161559802419,148.41089755707432,-35.191615598024185,-34.91089755707432
Aotizhongxin,2016-05-13 09:00:00,84.0,111.08333333333333,133.8182391045437,133.68790679079063,-22.734905771210364,-22.604573457457306
Changping,2016-05-13 09:00:00,70.0,101.66666666666667,127.93583949938545,127.79070578071925,-26.26917283271878,-26.12403911405258
Dingling,2016-05-13 09:00:00,66.0,93.625,120.95773624312075,120.76037567617432,-27.33273624312075,-27.13537567617432
Dongsi,2016-05-13 09:00:00,183.0,121.70833333333333,166.0115928480662,165.56938502656936,-44.30325951473286,-43.861051693236035
Guanyuan,2016-05-13 09:00:00,107.0,115.45833333333333,143.06628879187477,142.90024470785636,-27.60795545854144,-27.44191137452303
Gucheng,2016-05-13 09:00:00,72.0,115.08333333333333,130.30884223593267,130.34325592368006,-15.225508902599344,-15.259922590346733
Huairou,2016-05-13 09:00:00,53.0,111.66666666666667,114.31958997459147,114.59041991448198,-2.6529233079247945,-2.9237532478153128
Nongzhanguan,2016-05-13 09:00:00,107.0,107.75,147.64888485685145,147.98793556610502,-39.89888485685145,-40.23793556610502
Shunyi,2016-05-13 09:00:00,61.0,113.875,127.49492691615767,127.4431885825905,-13.619926916157667,-13.568188582590494
Tiantan,2016-05-13 09:00:00,80.0,103.375,148.15418358170382,148.0999168384538,-44.77918358170382,-44.724916838453794
Wanliu,2016-05-13 09:00:00,76.0,105.95833333333333,133.04490823518557,133.05877347368687,-27.086574901852245,-27.10044014035354
Wanshouxigong,2016-05-13 09:00:00,165.0,113.5,158.86841762112442,158.63906864387178,-45.36841762112442,-45.13906864387178
Aotizhongxin,2016-05-13 10:00:00,97.0,111.08333333333333,132.86830645540974,132.84086455095633,-21.78497312207641,-21.757531217622997
Changping,2016-05-13 10:00:00,59.0,101.66666666666667,116.75621859593213,116.70015049602641,-15.089551929265454,-15.033483829359739
Dingling,2016-05-13 10:00:00,68.0,93.625,113.50930935014566,113.24535480059626,-19.884309350145656,-19.62035480059626
Dongsi,2016-05-13 10:00:00,149.0,121.70833333333333,150.85028812062714,150.69623505934422,-29.141954787293813,-28.98790172601089
Guanyuan,2016-05-13 10:00:00,122.0,115.45833333333333,142.02949662382616,141.9043905015252,-26.571163290492834,-26.44605716819187
Gucheng,2016-05-13 10:00:00,122.0,115.08333333333333,143.5290522175451,143.39906576761132,-28.445718884211757,-28.31573243427799
Huairou,2016-05-13 10:00:00,59.0,111.66666666666667,112.93661565132052,112.68833087996799,-1.2699489846538512,-1.021664213301321
Nongzhanguan,2016-05-13 10:00:00,151.0,107.75,160.00630283924,159.95816850477843,-52.25630283923999,-52.20816850477843
Shunyi,2016-05-13 10:00:00,74.0,113.875,129.46269320554057,129.41454473076618,-15.587693205540575,-15.539544730766181
Tiantan,2016-05-13 10:00:00,122.0,103.375,146.76350943176016,146.45921244159575,-43.388509431760156,-43.08421244159575
Wanliu,2016-05-13 10:00:00,151.0,105.95833333333333,149.5565773033514,149.1331341045895,-43.59824397001806,-43.17480077125616
Wanshouxigong,2016-05-13 10:00:00,149.0,113.5,146.2671058863569,145.95446578123193,-32.76710588635689,-32.45446578123193
Aotizhongxin,2016-05-13 11:00:00,84.0,111.08333333333333,114.44185672616882,114.08020350195989,-3.358523392835494,-2.9968701686265575
Changping,2016-05-13 11:00:00,61.0,101.66666666666667,114.52235024093616,114.36937641918668,-12.855683574269491,-12.702709752520008
Dingling,2016-05-13 11:00:00,72.0,93.625,113.93773968919243,113.740310533097,-20.312739689192426,-20.115310533097002
Dongsi,2016-05-13 11:00:00,102.0,121.70833333333333,117.27800255576034,117.16317013640308,4.4303307775729905,4.545163196930247
Guanyuan,2016-05-13 11:00:00,87.0,115.45833333333333,114.57807064727533,114.36778182895173,0.8802626860580034,1.0905515043815939
Gucheng,2016-05-13 11:00:00,93.0,115.08333333333333,107.72988521574433,107.37908318479289,7.3534481175889965,7.704250148540439
Huairou,2016-05-13 11:00:00,72.0,111.66666666666667,112.13953972559892,112.14352176364127,-0.47287305893225096,-0.47685509697460304
Nongzhanguan,2016-05-13 11:00:00,105.0,107.75,129.95884266192175,129.68916334674023,-22.20884266192175,-21.93916334674023
Shunyi,2016-05-13 11:00:00,142.0,113.875,138.4509502173833,138.14310022491486,-24.57595021738331,-24.26810022491486
Tiantan,2016-05-13 11:00:00,72.0,103.375,113.06339380797189,112.77032766580189,-9.688393807971892,-9.395327665801886
Wanliu,2016-05-13 11:00:00,177.0,105.95833333333333,142.70845045928212,142.06665118784872,-36.75011712594879,-36.10831785451539
Wanshouxigong,2016-05-13 11:00:00,105.0,113.5,115.37309441394595,115.0285498153082,-1.8730944139459496,-1.528549815308196
Aotizhongxin,2016-05-13 12:00:00,82.0,111.08333333333333,110.11853511741622,109.78809697364738,0.9647982159171136,1.2952363596859442
Changping,2016-05-13 12:00:00,91.0,101.66666666666667,123.59128609931673,123.4014287920275,-21.92461943265006,-21.73476212536083
Dingling,2016-05-13 12:00:00,91.0,93.625,122.99702333864283,122.82572044228685,-29.372023338642833,-29.20072044228685
Dongsi,2016-05-13 12:00:00,89.0,121.70833333333333,110.51850229479533,110.17578153380647,11.189831038538003,11.532551799526857
Guanyuan,2016-05-13 12:00:00,72.0,115.45833333333333,107.70413414390147,107.50173233134583,7.7541991894318585,7.956601001987494
Gucheng,2016-05-13 12:00:00,78.0,115.08333333333333,96.72806686058071,96.73271353628834,18.355266472752618,18.350619797044985
Huairou,2016-05-13 12:00:00,80.0,111.66666666666667,115.93782365594308,115.99175790012539,-4.271156989276406,-4.325091233458721
Nongzhanguan,2016-05-13 12:00:00,105.0,107.75,118.97718465602051,118.77125890496607,-11.227184656020512,-11.021258904966075
Shunyi,2016-05-13 12:00:00,134.0,113.875,116.64396889685275,116.16217987933969,-2.768968896852755,-2.287179879339689
Tiantan,2016-05-13 12:00:00,91.0,103.375,112.29427583421264,112.02289586955123,-8.919275834212641,-8.647895869551235
Wanliu,2016-05-13 12:00:00,102.0,105.95833333333333,125.46107369099126,125.1254478011173,-19.502740357657927,-19.167114467783975
Wanshouxigong,2016-05-13 12:00:00,102.0,113.5,112.63919875897136,112.38599151681234,0.8608012410286392,1.1140084831876607
Aotizhongxin,2016-05-13 13:00:00,76.0,111.08333333333333,116.67368949518405,116.50510683775235,-5.590356161850721,-5.421773504419022
Changping,2016-05-13 13:00:00,82.0,101.66666666666667,99.59575919114138,99.27705723114033,2.0709074755252885,2.3896094355263386
Dingling,2016-05-13 13:00:00,84.0,93.625,102.29701877103969,101.99182498014318,-8.672018771039689,-8.366824980143178
Dongsi,2016-05-13 13:00:00,102.0,121.70833333333333,118.56094737536955,118.31741811348185,3.1473859579637775,3.390915219851479
Guanyuan,2016-05-13 13:00:00,91.0,115.45833333333333,117.87979212140755,117.77330355362719,-2.4214587880742187,-2.3149702202938585
Gucheng,2016-05-13 13:00:00,80.0,115.08333333333333,97.3082217402707,97.3964980654693,17.775111593062633,17.686835267864026
Huairou,2016-05-13 13:00:00,117.0,111.66666666666667,107.31154545703382,106.84369818202367,4.3551212096328555,4.822968484642999
Nongzhanguan,2016-05-13 13:00:00,82.0,107.75,123.15766157069788,122.84432570358084,-15.407661570697883,-15.094325703580836
Shunyi,2016-05-13 13:00:00,76.0,113.875,110.42551839556984,110.19689214262526,3.4494816044301615,3.6781078573747408
Tiantan,2016-05-13 13:00:00,82.0,103.375,119.50475841966596,119.45772049332331,-16.12975841966596,-16.082720493323308
Wanliu,2016-05-13 13:00:00,152.0,105.95833333333333,117.73035861277654,117.34058373204076,-11.772025279443213,-11.382250398707427
Wanshouxigong,2016-05-13 13:00:00,57.0,113.5,116.15969644320958,116.30596820571667,-2.659696443209583,-2.805968205716667
Aotizhongxin,2016-05-13 14:00:00,119.0,111.08333333333333,132.4492828256926,132.25433091927707,-21.365949492359263,-21.170997585943738
Changping,2016-05-13 14:00:00,89.0,101.66666666666667,97.39283914165392,97.20833938602738,4.273827525012749,4.4583272806392955
Dingling,2016-05-13 14:00:00,82.0,93.625,96.93554802865438,96.74436989665924,-3.310548028654381,-3.1193698966592365
Dongsi,2016-05-13 14:00:00,115.0,121.70833333333333,125.87497026089875,125.50687926541688,-4.1666369275654205,-3.798545932083556
Guanyuan,2016-05-13 14:00:00,122.0,115.45833333333333,133.31071392169923,133.238872041646,-17.852380588365904,-17.780538708312676
Gucheng,2016-05-13 14:00:00,112.0,115.08333333333333,108.68537683272524,108.68503967357039,6.397956500608089,6.398293659762942
Huairou,2016-05-13 14:00:00,74.0,111.66666666666667,112.0075044556132,111.86545106628503,-0.34083778894652994,-0.19878439961836136
Nongzhanguan,2016-05-13 14:00:00,95.0,107.75,136.78748797528428,136.62762420832442,-29.03748797528428,-28.87762420832442
Shunyi,2016-05-13 14:00:00,115.0,113.875,113.83620100574561,113.53452867488963,0.03879899425439248,0.3404713251103715
Tiantan,2016-05-13 14:00:00,91.0,103.375,131.0915705175975,131.0910673528318,-27.71657051759749,-27.7160673528318
Wanliu,2016-05-13 14:00:00,144.0,105.95833333333333,131.578191568548,131.24913385092688,-25.619858235214664,-25.290800517593553
Wanshouxigong,2016-05-13 14:00:00,156.0,113.5,139.35015173535706,139.03802688301872,-25.85015173535706,-25.538026883018716
Aotizhongxin,2016-05-13 15:00:00,119.0,111.08333333333333,126.70343656771723,126.43762428329393,-15.620103234383905,-15.3542909499606
Changping,2016-05-13 15:00:00,119.0,101.66666666666667,98.66239928336796,98.455837426584,3.0042673832987106,3.210829240082674
Dingling,2016-05-13 15:00:00,105.0,93.625,99.22912950250466,99.13954956924758,-5.604129502504662,-5.514549569247578
Dongsi,2016-05-13 15:00:00,144.0,121.70833333333333,131.0820190816586,131.59670943594335,-9.373685748325258,-9.888376102610025
Guanyuan,2016-05-13 15:00:00,122.0,115.45833333333333,127.84043024036524,127.80103179789266,-12.382096907031908,-12.342698464559334
Gucheng,2016-05-13 15:00:00,99.0,115.08333333333333,109.52725842322596,109.57401674141785,5.55607491010737,5.5093165919154785
Huairou,2016-05-13 15:00:00,95.0,111.66666666666667,112.02808961594097,111.8959017695469,-0.3614229492742993,-0.22923510288022442
Nongzhanguan,2016-05-13 15:00:00,95.0,107.75,132.44637145498993,132.3451653280758,-24.69637145498993,-24.595165328075808
Shunyi,2016-05-13 15:00:00,105.0,113.875,113.57209200273796,113.33285619600156,0.30290799726203943,0.5421438039984423
Tiantan,2016-05-13 15:00:00,110.0,103.375,127.63727390037985,127.61325773765056,-24.262273900379853,-24.238257737650557
Wanliu,2016-05-13 15:00:00,144.0,105.95833333333333,132.99840843952495,132.63905485445926,-27.040075106191622,-26.680721521125932
Wanshouxigong,2016-05-13 15:00:00,91.0,113.5,125.01402317987825,125.12207921098809,-11.51402317987825,-11.62207921098809
Aotizhongxin,2016-05-13 16:00:00,151.0,111.08333333333333,127.9892773216327,127.77543404319296,-16.90594398829937,-16.69210070985963
Changping,2016-05-13 16:00:00,105.0,101.66666666666667,99.4009479017025,99.19556623884593,2.265718764964177,2.471100427820744
Dingling,2016-05-13 16:00:00,105.0,93.625,101.56231786531754,101.44117756360674,-7.937317865317539,-7.816177563606743
Dongsi,2016-05-13 16:00:00,134.0,121.70833333333333,125.14161945524754,125.15264315116193,-3.4332861219142075,-3.4443098178285965
Guanyuan,2016-05-13 16:00:00,119.0,115.45833333333333,124.12550173360827,124.18194043011624,-8.667168400274946,-8.723607096782914
Gucheng,2016-05-13 16:00:00,124.0,115.08333333333333,126.18569120324361,126.37303333625489,-11.102357869910279,-11.289700002921563
Huairou,2016-05-13 16:00:00,105.0,111.66666666666667,120.57017430416931,120.5398773096571,-8.903507637502642,-8.87321064299043
Nongzhanguan,2016-05-13 16:00:00,127.0,107.75,132.49544690935744,132.36341075772557,-24.74544690935744,-24.613410757725575
Shunyi,2016-05-13 16:00:00,117.0,113.875,116.42844292353533,116.24240215918911,-2.5534429235353286,-2.367402159189112
Tiantan,2016-05-13 16:00:00,124.0,103.375,126.42806584005513,126.41069537510354,-23.053065840055126,-23.035695375103543
Wanliu,2016-05-13 16:00:00,144.0,105.95833333333333,135.51650314101602,135.21521217571777,-29.558169807682688,-29.256878842384438
Wanshouxigong,2016-05-13 16:00:00,91.0,113.5,123.03697125911026,123.34740127407517,-9.53697125911026,-9.847401274075168
Aotizhongxin,2016-05-13 17:00:00,144.0,111.08333333333333,126.06051568176787,125.80787258878195,-14.977182348434539,-14.724539255448619
Changping,2016-05-13 17:00:00,122.0,101.66666666666667,114.17685746272782,114.12546970261614,-12.510190796061153,-12.458803035949472
Dingling,2016-05-13 17:00:00,122.0,93.625,116.12783663331287,116.17915709542669,-22.502836633312867,-22.55415709542669
Dongsi,2016-05-13 17:00:00,102.0,121.70833333333333,120.59094305269184,120.35041450905725,1.1173902806414873,1.3579188242760836
Guanyuan,2016-05-13 17:00:00,122.0,115.45833333333333,124.2750982847952,124.29482167326123,-8.816764951461877,-8.836488339927897
Gucheng,2016-05-13 17:00:00,127.0,115.08333333333333,122.60319692791104,122.57671465849411,-7.519863594577714,-7.493381325160783
Huairou,2016-05-13 17:00:00,107.0,111.66666666666667,114.59321229419801,114.5331803722669,-2.9265456275313397,-2.8665137056002266
Nongzhanguan,2016-05-13 17:00:00,97.0,107.75,128.9889299910639,128.90386471692227,-21.238929991063912,-21.15386471692227
