feature,ols_coefficient,gradient_descent_weight_scaled_target
intercept,138.9091285833151,-0.003397206024983297
PM2.5 Scaled,21.276999956832203,0.2902536920926625
PM10 Scaled,1.7695635739928361,0.03368807831667486
SO2 Scaled,5.965764945999338,0.08501082203041223
NO2 Scaled,11.947789890543902,0.1686406757063663
CO Scaled,-6.233475703438201,-0.08519556776045617
O3 Scaled,11.935047090881817,0.17046137492618016
TEMP Scaled,3.328667711411478,0.04262953054962891
PRES Scaled,16.027201660292405,0.22797603293402713
DEWP Scaled,3.9755735678700272,0.061688901893517896
RAIN Scaled,-1.2635076251551736,-0.01813917711436629
WSPM Scaled,-10.916854841137592,-0.15466592075247948
