feature,ridge_coefficient,lasso_coefficient,logistic_coefficient
AQI Value_rolling_24h_mean,27.71608135210675,27.17262249687591,1.2298867761864651
PM2.5_rolling_24h_mean,-28.2634436238943,-27.365052057882025,-1.1791685997046073
PRES,16.141351712878006,16.079493297517228,0.6721330983393803
PM2.5,21.519978815108487,21.417880809518458,0.5105008995281346
TEMP,10.760239501374242,10.415813313528783,0.49450966952399894
O3,11.178854554592721,11.18719022778317,0.4186189700457271
WSPM,-10.610148139415982,-10.58631719353133,-0.3689850964363315
NO2,11.090173066248088,11.100872957498948,0.36225192506984616
TEMP_lag_24h,-1.9855192721235355,-1.857582372046768,-0.21969913062465612
O3_rolling_24h_mean,4.68264042580404,4.572632309365797,0.21799118778760657
AQI Value_lag_24h,-6.543025101606534,-5.9881271612068225,-0.20119256103298955
O3_lag_24h,-4.374902068432019,-4.2885678432307115,-0.17047211628489733
WSPM_rolling_24h_mean,-3.322765571007293,-3.3592895363207873,-0.16899213738256513
CO,-5.55518140912211,-5.512444482880844,-0.16436329409904582
TEMP_rolling_24h_mean,-9.449409816952528,-9.082286070192604,-0.13378239034935976
WSPM_lag_24h,3.2713146061067686,3.2608974572168683,0.12460730904333342
month,-0.8780089958063693,-0.8622524625172875,-0.12193272002277314
NO2_lag_24h,-3.433678663165249,-3.369250545307372,-0.11971052952094983
SO2,4.117361943535161,4.128084387210268,0.10472687407057821
DEWP,4.504852968088839,4.317571141240033,0.09817981310387999
PM2.5_lag_24h,6.037395383708475,5.276684258609447,0.09596341544171358
hour,-1.9014265366934524,-1.8998789159498226,-0.08033916715958717
PM10_lag_24h,-0.5522177010633398,-0.41244759461809405,0.05986184389307909
RAIN,-1.0680483004568562,-1.0674607125606348,-0.045665897483389506
day_of_week,-1.126172971485797,-1.1130242132201404,-0.043229028503671336
PM10_rolling_24h_mean,3.003698212766548,2.7386090599919233,0.042769000752033555
station_Changping,0.34788138032013544,0.32233350296254415,0.02876771828757714
PM10,0.6406313527495573,0.6986357239019428,-0.024685536741883025
station_Nongzhanguan,-0.17720440488229486,-0.17016635789515144,-0.01840004377210459
NO2_rolling_24h_mean,2.5436537422960046,2.452466287620718,-0.014597360660770104
station_Guanyuan,-0.33469079238453553,-0.32646095116299173,-0.013478114747065954
station_Gucheng,-0.1939084675086078,-0.19550690497575068,-0.011578903780059954
station_Wanshouxigong,0.39269418015376756,0.3780036069801202,0.011327605715514898
station_Huairou,0.2962455773929216,0.27477520024937674,0.008206833597809103
station_Dongsi,0.6361823431585462,0.6220323564915105,0.007521790677748326
station_Dingling,-0.39969212171634644,-0.41026223589246286,-0.006705341423945468
station_Shunyi,0.04309396110546841,0.027435691280462356,-0.006196222102777561
station_Wanliu,-0.44844983819126594,-0.4419495107803074,0.00282639407867741
station_Tiantan,0.12931645673211306,0.11711544612399809,-0.0021158286743926127
station_Aotizhongxin,-0.2914526413453637,-0.28168140264878033,-0.00021065058634155617
