station,datetime,AQI Value,tomorrows_aqi_value,tomorrows_hazardous_air_day_flag,ridge_prediction,lasso_prediction,hazard_probability,hazard_prediction
Aotizhongxin,2016-05-11 22:00:00,209.0,76.95833333333333,0,141.00942786881765,141.37529994508174,0.47987356740563597,0
Changping,2016-05-11 22:00:00,227.0,73.875,0,138.48354462226254,138.7545997715695,0.4315489102453161,0
Dingling,2016-05-11 22:00:00,218.0,74.5,0,149.41157158690797,149.6336701327646,0.5378579829602561,1
Dongsi,2016-05-11 22:00:00,244.0,85.375,0,163.46071102810726,163.64386212658408,0.5968044478244595,1
Guanyuan,2016-05-11 22:00:00,256.0,94.16666666666667,0,158.88411732183278,159.22769734067805,0.5605793669223791,1
Gucheng,2016-05-11 22:00:00,265.0,104.5,0,164.4480367572644,164.72680213074318,0.5938426699550668,1
Huairou,2016-05-11 22:00:00,184.0,61.458333333333336,0,140.31978371913485,140.2907856163191,0.4798980668120875,0
Nongzhanguan,2016-05-11 22:00:00,195.0,72.33333333333333,0,143.21871968658508,143.52777504606496,0.48526863892016114,0
Shunyi,2016-05-11 22:00:00,186.0,68.95833333333333,0,145.33972128969262,145.53149753605243,0.5373652304739789,1
Tiantan,2016-05-11 22:00:00,193.0,76.54166666666667,0,133.78210228332915,133.99619393684048,0.41264293120111356,0
Wanliu,2016-05-11 22:00:00,252.0,82.66666666666667,0,166.32128851963554,166.6797906025103,0.6162936747817809,1
Wanshouxigong,2016-05-11 22:00:00,243.0,77.54166666666667,0,153.9494967186837,154.18385268117262,0.5420164565502369,1
Aotizhongxin,2016-05-11 23:00:00,202.0,76.95833333333333,0,114.62348950886376,115.06530877229957,0.2584599125638452,0
Changping,2016-05-11 23:00:00,208.0,73.875,0,126.20589758682652,126.47529415683388,0.32370226904170046,0
Dingling,2016-05-11 23:00:00,222.0,74.5,0,144.28968278292683,144.56032730910508,0.46296939995619857,0
Dongsi,2016-05-11 23:00:00,253.0,85.375,0,140.10192679939388,140.35000977444665,0.37089925270656915,0
Guanyuan,2016-05-11 23:00:00,232.0,94.16666666666667,0,128.06432119424963,128.51989918522636,0.2966675508574132,0
Gucheng,2016-05-11 23:00:00,262.0,104.5,0,142.3085030299302,142.8570955024649,0.36465271518074394,0
Huairou,2016-05-11 23:00:00,188.0,61.458333333333336,0,126.56726254162487,126.6776598944308,0.34751816627949833,0
Nongzhanguan,2016-05-11 23:00:00,203.0,72.33333333333333,0,121.12522138753057,121.49635846601257,0.27856826002071233,0
Shunyi,2016-05-11 23:00:00,187.0,68.95833333333333,0,126.82987773660356,127.06329483470523,0.3692098521526738,0
Tiantan,2016-05-11 23:00:00,180.0,76.54166666666667,0,114.34482941689924,114.60715687525473,0.2686489569623139,0
Wanliu,2016-05-11 23:00:00,251.0,82.66666666666667,0,141.96205725236032,142.37445032334156,0.40482990886284825,0
Wanshouxigong,2016-05-11 23:00:00,198.0,77.54166666666667,0,116.28064555010403,116.67070007058193,0.2496407917045215,0
Aotizhongxin,2016-05-12 00:00:00,218.0,98.0,0,139.804185622513,140.13105540989747,0.44967741613436496,0
Changping,2016-05-12 00:00:00,210.0,76.20833333333333,0,134.81374120427913,135.08802636140308,0.4112306546926671,0
Dingling,2016-05-12 00:00:00,206.0,68.54166666666667,0,147.7326075029014,148.04091672846138,0.5321902274456747,1
Dongsi,2016-05-12 00:00:00,290.0,118.75,0,171.7543482701016,171.88760361665166,0.6216911321816498,1
Guanyuan,2016-05-12 00:00:00,271.0,94.54166666666667,0,158.69896617192057,158.99149331834445,0.5406570599037429,1
Gucheng,2016-05-12 00:00:00,257.0,86.375,0,153.25734945368555,153.35059221781458,0.5053729313834003,1
Huairou,2016-05-12 00:00:00,186.0,72.58333333333333,0,123.04165431425514,122.98199915366757,0.34018422507820356,0
Nongzhanguan,2016-05-12 00:00:00,231.0,104.875,0,150.93327352349675,151.23573356569273,0.5133482742865346,1
Shunyi,2016-05-12 00:00:00,199.0,85.20833333333333,0,150.3457375773632,150.49127268598133,0.5654420068055644,1
Tiantan,2016-05-12 00:00:00,193.0,95.66666666666667,0,143.58140924168563,143.77454529803902,0.4925377971660319,0
Wanliu,2016-05-12 00:00:00,259.0,97.91666666666667,0,146.52882250809466,146.84939547657754,0.4557064735482791,0
Wanshouxigong,2016-05-12 00:00:00,226.0,111.79166666666667,0,144.23753809634624,144.47954973246044,0.4703709628711404,0
Aotizhongxin,2016-05-12 01:00:00,250.0,98.0,0,145.55645325588415,145.83439444430905,0.4703724674283033,0
Changping,2016-05-12 01:00:00,208.0,76.20833333333333,0,131.68947741608005,131.93501125271993,0.3754013208157056,0
Dingling,2016-05-12 01:00:00,198.0,68.54166666666667,0,140.74806348203347,141.01584895411048,0.47509851816400583,0
Dongsi,2016-05-12 01:00:00,343.0,118.75,0,183.88653755974764,183.9689107007545,0.6730101190054097,1
Guanyuan,2016-05-12 01:00:00,254.0,94.54166666666667,0,151.12629185992375,151.35218459675463,0.49594179746702416,0
Gucheng,2016-05-12 01:00:00,271.0,86.375,0,147.78851953709204,148.004397861008,0.4508789273051189,0
Huairou,2016-05-12 01:00:00,185.0,72.58333333333333,0,130.69354633889677,130.67148572794866,0.4119832786518857,0
Nongzhanguan,2016-05-12 01:00:00,248.0,104.875,0,154.57732017454464,154.8286822626795,0.5161110606267648,1
Shunyi,2016-05-12 01:00:00,199.0,85.20833333333333,0,132.42095714398343,132.49872902792134,0.37784951571296277,0
Tiantan,2016-05-12 01:00:00,245.0,95.66666666666667,0,148.24664297105844,148.31860069231425,0.48779688280126293,0
Wanliu,2016-05-12 01:00:00,235.0,97.91666666666667,0,129.72935203217418,130.05283508910816,0.31424394032440606,0
Wanshouxigong,2016-05-12 01:00:00,259.0,111.79166666666667,0,154.69898729338786,154.86108641255646,0.5340641379679755,1
Aotizhongxin,2016-05-12 02:00:00,206.0,98.0,0,118.93358022132762,119.30229879299033,0.29412313758608954,0
Changping,2016-05-12 02:00:00,151.0,76.20833333333333,0,74.7267166908274,75.13130412103067,0.1095783476635765,0
Dingling,2016-05-12 02:00:00,72.0,68.54166666666667,0,73.42497874110136,73.91253507691643,0.11767129690199683,0
Dongsi,2016-05-12 02:00:00,287.0,118.75,0,151.2306567203313,151.42490443202973,0.45418500098137743,0
Guanyuan,2016-05-12 02:00:00,218.0,94.54166666666667,0,123.64947566367836,123.97922617331868,0.3013223237388397,0
Gucheng,2016-05-12 02:00:00,229.0,86.375,0,111.28533263081084,111.54860347663123,0.21448543563062428,0
Huairou,2016-05-12 02:00:00,185.0,72.58333333333333,0,117.55679268028672,117.57915656386245,0.2923092016889291,0
Nongzhanguan,2016-05-12 02:00:00,238.0,104.875,0,131.24226570732526,131.59451522439363,0.3324402794359557,0
Shunyi,2016-05-12 02:00:00,188.0,85.20833333333333,0,84.94782692910812,85.10617255125536,0.10262127921980932,0
Tiantan,2016-05-12 02:00:00,202.0,95.66666666666667,0,125.011392172505,125.21577956240453,0.3357897686816958,0
Wanliu,2016-05-12 02:00:00,235.0,97.91666666666667,0,144.25495154944096,144.51134363081724,0.45212000240110034,0
Wanshouxigong,2016-05-12 02:00:00,219.0,111.79166666666667,0,128.42656628604382,128.63531270194787,0.34267705674452936,0
Aotizhongxin,2016-05-12 03:00:00,107.0,98.0,0,82.59223944095638,83.00675659733324,0.14703872724119726,0
Changping,2016-05-12 03:00:00,53.0,76.20833333333333,0,86.28631095361393,86.61823576568563,0.17770830839306628,0
Dingling,2016-05-12 03:00:00,42.0,68.54166666666667,0,91.88019917357498,92.3357159967575,0.21254423013031185,0
Dongsi,2016-05-12 03:00:00,170.0,118.75,0,105.12204715486742,105.3401532541404,0.21217999506769608,0
Guanyuan,2016-05-12 03:00:00,180.0,94.54166666666667,0,101.73122550537626,102.08400937126133,0.1921292506863469,0
Gucheng,2016-05-12 03:00:00,156.0,86.375,0,81.38176183566102,81.6769840092222,0.1269636826196424,0
Huairou,2016-05-12 03:00:00,157.0,72.58333333333333,0,108.9185103041714,109.10864771592213,0.29575447006997035,0
Nongzhanguan,2016-05-12 03:00:00,93.0,104.875,0,81.06436335679943,81.44641411708487,0.12714091649115067,0
Shunyi,2016-05-12 03:00:00,149.0,85.20833333333333,0,79.14174600071138,79.39622784446675,0.12525081832833065,0
Tiantan,2016-05-12 03:00:00,157.0,95.66666666666667,0,95.5923901392118,95.8794746891478,0.19505228765380206,0
Wanliu,2016-05-12 03:00:00,158.0,97.91666666666667,0,104.79536561352157,105.17994725595833,0.2407328582949724,0
Wanshouxigong,2016-05-12 03:00:00,179.0,111.79166666666667,0,106.13954641587901,106.41451176441548,0.22591789906013224,0
Aotizhongxin,2016-05-12 04:00:00,33.0,98.0,0,84.73620961340932,85.04561015209998,0.17722230049799537,0
Changping,2016-05-12 04:00:00,38.0,76.20833333333333,0,72.52079871149158,72.86864795404469,0.11820501927632623,0
Dingling,2016-05-12 04:00:00,42.0,68.54166666666667,0,76.0377405455684,76.53009550323483,0.1353558964163652,0
Dongsi,2016-05-12 04:00:00,12.0,118.75,0,87.56740240682896,87.8132456206505,0.17424093397058288,0
Guanyuan,2016-05-12 04:00:00,42.0,94.54166666666667,0,83.23746784128583,83.55032294895065,0.15630798023910497,0
Gucheng,2016-05-12 04:00:00,38.0,86.375,0,63.304965941044244,63.57396470106056,0.08641169837824317,0
Huairou,2016-05-12 04:00:00,66.0,72.58333333333333,0,90.25707888246862,90.52646682486258,0.2086187238906701,0
Nongzhanguan,2016-05-12 04:00:00,12.0,104.875,0,81.55341414256947,81.8577443620277,0.14686084328662796,0
Shunyi,2016-05-12 04:00:00,17.0,85.20833333333333,0,93.02430740275314,93.17323967078053,0.222633299039317,0
Tiantan,2016-05-12 04:00:00,17.0,95.66666666666667,0,89.32602255673771,89.45374063125958,0.1967372033258981,0
Wanliu,2016-05-12 04:00:00,61.0,97.91666666666667,0,92.26888238278909,92.62196830920473,0.20279960153135734,0
Wanshouxigong,2016-05-12 04:00:00,89.0,111.79166666666667,0,92.11622469088103,92.32136485711604,0.19535922449522095,0
Aotizhongxin,2016-05-12 05:00:00,53.0,98.0,0,89.80283863866227,90.07458596133708,0.2018801862433982,0
Changping,2016-05-12 05:00:00,66.0,76.20833333333333,0,59.848800310748715,60.17298986226406,0.07522927632033244,0
Dingling,2016-05-12 05:00:00,57.0,68.54166666666667,0,66.16464154016201,66.6367519179697,0.09555894817655083,0
Dongsi,2016-05-12 05:00:00,12.0,118.75,0,90.27932046025143,90.49457242185022,0.18811405137047607,0
Guanyuan,2016-05-12 05:00:00,55.0,94.54166666666667,0,89.95141443391822,90.14254066548054,0.18450137247722728,0
Gucheng,2016-05-12 05:00:00,29.0,86.375,0,71.15993534236475,71.38274113384544,0.10920321992001547,0
Huairou,2016-05-12 05:00:00,12.0,72.58333333333333,0,79.07142443847592,79.3316814211486,0.15765020092062423,0
Nongzhanguan,2016-05-12 05:00:00,12.0,104.875,0,86.30047860187486,86.57764355195644,0.1688526744453978,0
Shunyi,2016-05-12 05:00:00,12.0,85.20833333333333,0,91.84584796542669,91.92563597660656,0.2151208529541091,0
Tiantan,2016-05-12 05:00:00,25.0,95.66666666666667,0,92.84598824402298,92.93638028520648,0.2149110986223232,0
Wanliu,2016-05-12 05:00:00,17.0,97.91666666666667,0,84.4491445366418,84.7866825400614,0.16954739397332091,0
Wanshouxigong,2016-05-12 05:00:00,53.0,111.79166666666667,0,92.80820100618155,92.94399692435624,0.20914761115409997,0
Aotizhongxin,2016-05-12 06:00:00,38.0,98.0,0,94.94755369080369,95.23321635997011,0.22623966525372521,0
Changping,2016-05-12 06:00:00,63.0,76.20833333333333,0,77.96383950356099,78.18671076456732,0.1300896569681201,0
Dingling,2016-05-12 06:00:00,61.0,68.54166666666667,0,83.49053293692025,83.81661718294852,0.15968195842976932,0
Dongsi,2016-05-12 06:00:00,12.0,118.75,0,97.4635332395019,97.70356472776562,0.21951496280567384,0
Guanyuan,2016-05-12 06:00:00,46.0,94.54166666666667,0,96.95590032902635,97.18268476219342,0.22029561996760452,0
Gucheng,2016-05-12 06:00:00,66.0,86.375,0,83.09641324083537,83.28910321754317,0.1468980143317122,0
Huairou,2016-05-12 06:00:00,12.0,72.58333333333333,0,89.70939791046915,89.99624289626112,0.20131463913875378,0
Nongzhanguan,2016-05-12 06:00:00,12.0,104.875,0,93.70442027679485,94.02199133565348,0.20569577836252528,0
Shunyi,2016-05-12 06:00:00,53.0,85.20833333333333,0,93.05838303992444,93.14782790060002,0.2058561800117885,0
Tiantan,2016-05-12 06:00:00,12.0,95.66666666666667,0,99.94887703984838,100.12526778408564,0.2505433928097547,0
Wanliu,2016-05-12 06:00:00,46.0,97.91666666666667,0,93.04592048966636,93.34270968328183,0.2026363498565654,0
Wanshouxigong,2016-05-12 06:00:00,50.0,111.79166666666667,0,100.3647817290371,100.50331943177443,0.24495307274932038,0
Aotizhongxin,2016-05-12 07:00:00,59.0,98.0,0,100.1460390561812,100.41202658215776,0.25279306811096575,0
Changping,2016-05-12 07:00:00,61.0,76.20833333333333,0,80.3722592259465,80.55123040035564,0.14092984743091777,0
Dingling,2016-05-12 07:00:00,78.0,68.54166666666667,0,86.25138720729738,86.57633253701621,0.17266652342431016,0
Dongsi,2016-05-12 07:00:00,12.0,118.75,0,101.87433458522017,102.0877198519496,0.24551764582447552,0
Guanyuan,2016-05-12 07:00:00,66.0,94.54166666666667,0,103.83562428230985,104.05175002108021,0.25574709045729416,0
Gucheng,2016-05-12 07:00:00,55.0,86.375,0,77.22901440269825,77.41015484618958,0.13374807787214443,0
Huairou,2016-05-12 07:00:00,12.0,72.58333333333333,0,90.53544863452035,90.77795212246176,0.205580075455371,0
Nongzhanguan,2016-05-12 07:00:00,12.0,104.875,0,94.04988265755418,94.42413303317123,0.20445996397635066,0
Shunyi,2016-05-12 07:00:00,25.0,85.20833333333333,0,100.0172824947382,100.06234675177132,0.24832833295821924,0
Tiantan,2016-05-12 07:00:00,12.0,95.66666666666667,0,102.13858980640558,102.27355538887801,0.2583569641725214,0
Wanliu,2016-05-12 07:00:00,59.0,97.91666666666667,0,82.68982609384074,82.96261217817178,0.1606207505538029,0
Wanshouxigong,2016-05-12 07:00:00,46.0,111.79166666666667,0,103.09793400751184,103.25801010292592,0.2665763438061038,0
Aotizhongxin,2016-05-12 08:00:00,12.0,98.0,0,97.31543974637356,97.56974975104023,0.24901646710573766,0
Changping,2016-05-12 08:00:00,33.0,76.20833333333333,0,83.71507131568862,83.86877944789515,0.15809802108166288,0
Dingling,2016-05-12 08:00:00,38.0,68.54166666666667,0,83.44458246783321,83.64797634572096,0.1610212530397226,0
Dongsi,2016-05-12 08:00:00,12.0,118.75,0,101.27639604165165,101.47652190584257,0.24598688753515735,0
Guanyuan,2016-05-12 08:00:00,78.0,94.54166666666667,0,106.7439613634973,106.95698951811751,0.27628218320918513,0
Gucheng,2016-05-12 08:00:00,72.0,86.375,0,78.68735648969499,78.83994864056778,0.1357519481774884,0
Huairou,2016-05-12 08:00:00,33.0,72.58333333333333,0,93.97735126337622,94.14531611430246,0.21808736761872344,0
Nongzhanguan,2016-05-12 08:00:00,12.0,104.875,0,95.26274485899714,95.58131619934159,0.21377080652567687,0
Shunyi,2016-05-12 08:00:00,38.0,85.20833333333333,0,111.01423834801544,111.0156892439728,0.31977863579967475,0
Tiantan,2016-05-12 08:00:00,38.0,95.66666666666667,0,104.5262901521496,104.64042031604899,0.27521397856469465,0
Wanliu,2016-05-12 08:00:00,61.0,97.91666666666667,0,96.31903013109032,96.59452630516314,0.22995263038710212,0
Wanshouxigong,2016-05-12 08:00:00,33.0,111.79166666666667,0,101.01857955909233,101.15281359933918,0.2535659637437937,0
Aotizhongxin,2016-05-12 09:00:00,95.0,98.0,0,95.88417278979276,96.13989081723427,0.2269301596963841,0
Changping,2016-05-12 09:00:00,72.0,76.20833333333333,0,63.45509318830595,63.69063545691151,0.08071388943275085,0
Dingling,2016-05-12 09:00:00,70.0,68.54166666666667,0,62.17584270736448,62.44663027831777,0.08088892131209008,0
Dongsi,2016-05-12 09:00:00,12.0,118.75,0,90.67302981441239,90.8970143788768,0.19050727361169972,0
Guanyuan,2016-05-12 09:00:00,97.0,94.54166666666667,0,98.94722505929106,99.14895892313677,0.22924013669421542,0
Gucheng,2016-05-12 09:00:00,68.0,86.375,0,48.57347210532053,48.90953354474347,0.05189629403046997,0
Huairou,2016-05-12 09:00:00,12.0,72.58333333333333,0,84.31134028713032,84.36742846010875,0.16090478713574669,0
Nongzhanguan,2016-05-12 09:00:00,12.0,104.875,0,85.73029106017438,86.07194228136319,0.1676172188891909,0
Shunyi,2016-05-12 09:00:00,33.0,85.20833333333333,0,113.34500630389016,113.40230182176512,0.3344764556380684,0
Tiantan,2016-05-12 09:00:00,89.0,95.66666666666667,0,100.12029298448162,100.26489453274147,0.2405680593248634,0
Wanliu,2016-05-12 09:00:00,78.0,97.91666666666667,0,82.04660270234214,82.38235074116348,0.15567277805357874,0
Wanshouxigong,2016-05-12 09:00:00,105.0,111.79166666666667,0,99.62296343854592,99.77886373569982,0.24023249006300038,0
Aotizhongxin,2016-05-12 10:00:00,59.0,98.0,0,81.34374071254406,81.65893829474248,0.1601233312524435,0
Changping,2016-05-12 10:00:00,59.0,76.20833333333333,0,82.90266145876217,83.11722501427698,0.14884963732109305,0
Dingling,2016-05-12 10:00:00,59.0,68.54166666666667,0,81.9812498624865,82.1935222272138,0.1508931690828021,0
Dongsi,2016-05-12 10:00:00,12.0,118.75,0,74.13435940172494,74.44511480538648,0.11587739848221208,0
Guanyuan,2016-05-12 10:00:00,93.0,94.54166666666667,0,86.90897640920085,87.21178478715113,0.1662581174783106,0
Gucheng,2016-05-12 10:00:00,68.0,86.375,0,43.21647515003389,43.54826262495658,0.04346738852307651,0
Huairou,2016-05-12 10:00:00,53.0,72.58333333333333,0,81.93088358062442,81.91979550122133,0.14917768254458405,0
Nongzhanguan,2016-05-12 10:00:00,50.0,104.875,0,75.72533591505459,76.12913746078561,0.12252274443392501,0
Shunyi,2016-05-12 10:00:00,55.0,85.20833333333333,0,68.69352196568381,68.92806446541478,0.09979377724203903,0
Tiantan,2016-05-12 10:00:00,76.0,95.66666666666667,0,86.2553879430512,86.4764521526894,0.16954986689694945,0
Wanliu,2016-05-12 10:00:00,55.0,97.91666666666667,0,84.81962848605582,85.15729771669203,0.17188473888492245,0
Wanshouxigong,2016-05-12 10:00:00,61.0,111.79166666666667,0,83.92043097152529,84.14669217116185,0.1656384159309009,0
Aotizhongxin,2016-05-12 11:00:00,59.0,98.0,0,92.4179258630532,92.72721093976382,0.21789655259184298,0
Changping,2016-05-12 11:00:00,50.0,76.20833333333333,0,58.32970555473267,58.634925147394696,0.07102368270404845,0
Dingling,2016-05-12 11:00:00,74.0,68.54166666666667,0,59.86951867437794,60.184775942497694,0.07459482658462319,0
Dongsi,2016-05-12 11:00:00,12.0,118.75,0,85.09638941459625,85.40208875624148,0.15930844385276857,0
Guanyuan,2016-05-12 11:00:00,55.0,94.54166666666667,0,93.64450204424318,93.93682200159469,0.20996809688827012,0
Gucheng,2016-05-12 11:00:00,89.0,86.375,0,76.34366054569827,76.60542592741297,0.12072639100647023,0
Huairou,2016-05-12 11:00:00,55.0,72.58333333333333,0,70.87132544067572,70.9377370904227,0.10639512559302738,0
Nongzhanguan,2016-05-12 11:00:00,74.0,104.875,0,90.70823484226986,91.0941270905388,0.18360543123276615,0
Shunyi,2016-05-12 11:00:00,66.0,85.20833333333333,0,68.99853846324933,69.25525910890771,0.10204235672922737,0
Tiantan,2016-05-12 11:00:00,42.0,95.66666666666667,0,94.23207139466815,94.37260577845204,0.21632259351696176,0
Wanliu,2016-05-12 11:00:00,42.0,97.91666666666667,0,90.1685979095781,90.51108256771528,0.19812622547344008,0
Wanshouxigong,2016-05-12 11:00:00,42.0,111.79166666666667,0,93.08872106845506,93.32319109332737,0.2201167422423845,0
Aotizhongxin,2016-05-12 12:00:00,66.0,98.0,0,77.80077944445893,78.18911144912772,0.14225678030006295,0
Changping,2016-05-12 12:00:00,72.0,76.20833333333333,0,74.69777375945935,74.93969238253041,0.1146864665987066,0
Dingling,2016-05-12 12:00:00,68.0,68.54166666666667,0,71.01801075635157,71.26402807096223,0.1076317014666245,0
Dongsi,2016-05-12 12:00:00,12.0,118.75,0,72.86408745619804,73.24982125346746,0.11064498692688322,0
Guanyuan,2016-05-12 12:00:00,70.0,94.54166666666667,0,80.80067033544077,81.14223376074204,0.14101881776103714,0
Gucheng,2016-05-12 12:00:00,93.0,86.375,0,77.35417723223892,77.5956031381981,0.11889602045484873,0
Huairou,2016-05-12 12:00:00,46.0,72.58333333333333,0,63.02701929066514,63.128791134205244,0.08193221021841082,0
Nongzhanguan,2016-05-12 12:00:00,63.0,104.875,0,73.97492248277207,74.44857384165942,0.11354037288835614,0
Shunyi,2016-05-12 12:00:00,66.0,85.20833333333333,0,59.417915958805935,59.72974114881046,0.07187131908440444,0
Tiantan,2016-05-12 12:00:00,55.0,95.66666666666667,0,79.40068392314234,79.65669803530632,0.1413560401581558,0
Wanliu,2016-05-12 12:00:00,53.0,97.91666666666667,0,81.74217538678933,82.12333020389164,0.1534255277047351,0
Wanshouxigong,2016-05-12 12:00:00,50.0,111.79166666666667,0,78.08023285894768,78.34342719943646,0.13839115518881218,0
Aotizhongxin,2016-05-12 13:00:00,70.0,98.0,0,75.72611478202757,76.13411566735385,0.1297006504011817,0
Changping,2016-05-12 13:00:00,46.0,76.20833333333333,0,85.53150951096077,85.68956817588558,0.16193711333874924,0
Dingling,2016-05-12 13:00:00,68.0,68.54166666666667,0,86.27468935253361,86.45549607908094,0.1671439129011904,0
Dongsi,2016-05-12 13:00:00,12.0,118.75,0,69.42384097910562,69.85742871140808,0.09559887821281057,0
Guanyuan,2016-05-12 13:00:00,68.0,94.54166666666667,0,77.12890143606246,77.51098109199579,0.12411220817709182,0
Gucheng,2016-05-12 13:00:00,89.0,86.375,0,78.555188688144,78.76145934835188,0.12179846172139225,0
Huairou,2016-05-12 13:00:00,46.0,72.58333333333333,0,72.53594515248433,72.62361938809467,0.10725914238117777,0
Nongzhanguan,2016-05-12 13:00:00,74.0,104.875,0,72.58658708430153,73.05588418501645,0.10297754556436102,0
Shunyi,2016-05-12 13:00:00,61.0,85.20833333333333,0,79.38582423798215,79.62741960714598,0.13164545333812078,0
Tiantan,2016-05-12 13:00:00,76.0,95.66666666666667,0,78.94355995508526,79.21060422252336,0.13074160946717966,0
Wanliu,2016-05-12 13:00:00,57.0,97.91666666666667,0,89.2200636950917,89.55639915546007,0.1862694146780607,0
Wanshouxigong,2016-05-12 13:00:00,78.0,111.79166666666667,0,78.78223603445366,79.05601229621792,0.13216193098959655,0
Aotizhongxin,2016-05-12 14:00:00,29.0,98.0,0,86.06147401849677,86.43381526109647,0.17811843560952417,0
Changping,2016-05-12 14:00:00,33.0,76.20833333333333,0,68.8136708147813,68.9842655058137,0.09841435600888362,0
Dingling,2016-05-12 14:00:00,76.0,68.54166666666667,0,71.36924834258346,71.55168225664676,0.10576544599208115,0
Dongsi,2016-05-12 14:00:00,82.0,118.75,0,88.93886369184764,89.27431431504988,0.1583689839710093,0
Guanyuan,2016-05-12 14:00:00,68.0,94.54166666666667,0,91.019675164071,91.32771004215246,0.18039219432772047,0
Gucheng,2016-05-12 14:00:00,72.0,86.375,0,80.9317455102623,81.09842512269736,0.13400820577915426,0
Huairou,2016-05-12 14:00:00,55.0,72.58333333333333,0,55.059419104373205,55.776158006836795,0.08098701341360444,0
Nongzhanguan,2016-05-12 14:00:00,21.0,104.875,0,81.701308274506,82.1457547461777,0.14068397129918098,0
Shunyi,2016-05-12 14:00:00,42.0,85.20833333333333,0,69.56485254525508,69.83950648247269,0.09958253069341459,0
Tiantan,2016-05-12 14:00:00,70.0,95.66666666666667,0,93.22257364756558,93.42253209172169,0.1933994475198387,0
Wanliu,2016-05-12 14:00:00,63.0,97.91666666666667,0,96.42086217977389,96.70639481099309,0.2227569570375994,0
Wanshouxigong,2016-05-12 14:00:00,84.0,111.79166666666667,0,94.27570097415162,94.52534148981454,0.20285702209707773,0
Aotizhongxin,2016-05-12 15:00:00,38.0,98.0,0,82.62079167713709,82.95370078554684,0.15952986239179834,0
Changping,2016-05-12 15:00:00,42.0,76.20833333333333,0,60.4770344327213,60.65744717654951,0.07418590599598027,0
Dingling,2016-05-12 15:00:00,55.0,68.54166666666667,0,61.36578510467761,61.53836457399679,0.0794706192302601,0
Dongsi,2016-05-12 15:00:00,66.0,118.75,0,83.3687859224913,83.64756838109847,0.13740478121359156,0
Guanyuan,2016-05-12 15:00:00,53.0,94.54166666666667,0,85.0872417693378,85.34338702023851,0.15720994157024712,0
Gucheng,2016-05-12 15:00:00,70.0,86.375,0,93.12993552433753,93.23547882334566,0.1926725157211877,0
Huairou,2016-05-12 15:00:00,21.0,72.58333333333333,0,50.34079805394572,50.718837857583125,0.05760306787033668,0
Nongzhanguan,2016-05-12 15:00:00,12.0,104.875,0,75.89740901755476,76.30198382481126,0.11886930037504845,0
Shunyi,2016-05-12 15:00:00,33.0,85.20833333333333,0,82.82143493816346,83.06447343479593,0.14854368113454983,0
Tiantan,2016-05-12 15:00:00,59.0,95.66666666666667,0,87.37308438515694,87.57354635145268,0.17058717407645063,0
Wanliu,2016-05-12 15:00:00,68.0,97.91666666666667,0,77.77705413765645,78.06002432034637,0.13291532253211213,0
Wanshouxigong,2016-05-12 15:00:00,12.0,111.79166666666667,0,83.71185367757984,83.89895801935577,0.16173090435987794,0
Aotizhongxin,2016-05-12 16:00:00,21.0,98.0,0,75.97912823071916,76.31013528522277,0.13535975572316264,0
Changping,2016-05-12 16:00:00,53.0,76.20833333333333,0,67.58386336874132,67.73911440143208,0.09094094508575414,0
Dingling,2016-05-12 16:00:00,17.0,68.54166666666667,0,67.84697607136782,68.01234680687668,0.09972968324323295,0
Dongsi,2016-05-12 16:00:00,66.0,118.75,0,77.89734769439629,78.2076247267776,0.1194533648997458,0
Guanyuan,2016-05-12 16:00:00,57.0,94.54166666666667,0,79.37059719021019,79.64301404101566,0.13303966242033854,0
Gucheng,2016-05-12 16:00:00,84.0,86.375,0,79.36361007332602,79.48884811338377,0.12522124095029927,0
Huairou,2016-05-12 16:00:00,12.0,72.58333333333333,0,42.205768007730484,42.63192553992553,0.04394897188634903,0
Nongzhanguan,2016-05-12 16:00:00,57.0,104.875,0,80.35174834498285,80.74285329276454,0.1296741237346785,0
Shunyi,2016-05-12 16:00:00,21.0,85.20833333333333,0,78.38782782051504,78.62831296319317,0.13164981861548378,0
Tiantan,2016-05-12 16:00:00,74.0,95.66666666666667,0,83.79356846848398,84.01528724572118,0.15009385918941373,0
Wanliu,2016-05-12 16:00:00,12.0,97.91666666666667,0,80.80840940769073,81.03667668341384,0.15234538217891896,0
Wanshouxigong,2016-05-12 16:00:00,12.0,111.79166666666667,0,77.20013820489733,77.46653405646092,0.13627834773191733,0
Aotizhongxin,2016-05-12 17:00:00,61.0,98.0,0,83.0615104122897,83.39512900598496,0.15728081447300407,0
Changping,2016-05-12 17:00:00,63.0,76.20833333333333,0,68.88897543235309,69.04821857811523,0.09287155928182672,0
Dingling,2016-05-12 17:00:00,29.0,68.54166666666667,0,65.63941009848482,65.85281762949005,0.0907207859630969,0
Dongsi,2016-05-12 17:00:00,66.0,118.75,0,82.05470554050285,82.3523082642163,0.13240757105578907,0
Guanyuan,2016-05-12 17:00:00,21.0,94.54166666666667,0,81.36313650603972,81.67865052916864,0.1418091673944846,0
Gucheng,2016-05-12 17:00:00,87.0,86.375,0,82.90964153670768,83.04326718095325,0.13926872890660402,0
Huairou,2016-05-12 17:00:00,21.0,72.58333333333333,0,53.803040424003186,54.20437756582656,0.06364426115093157,0
Nongzhanguan,2016-05-12 17:00:00,74.0,104.875,0,87.22296207406555,87.58711281907974,0.1528812151634515,0
Shunyi,2016-05-12 17:00:00,29.0,85.20833333333333,0,74.02983347976749,74.34874925372065,0.11391236421110962,0
Tiantan,2016-05-12 17:00:00,46.0,95.66666666666667,0,84.79056515582832,85.09910885755298,0.15918343489679038,0
Wanliu,2016-05-12 17:00:00,12.0,97.91666666666667,0,84.64728379991362,84.9243470248336,0.16749991477170492,0
Wanshouxigong,2016-05-12 17:00:00,12.0,111.79166666666667,0,81.16510880889805,81.44416385526651,0.1492362986124358,0
Aotizhongxin,2016-05-12 18:00:00,42.0,98.0,0,77.95989947862935,78.37895087885919,0.13826305243649703,0
Changping,2016-05-12 18:00:00,63.0,76.20833333333333,0,76.471903605611,76.63274658168515,0.11517891038702753,0
Dingling,2016-05-12 18:00:00,87.0,68.54166666666667,0,79.02740980901041,79.22739367226205,0.12553350204449223,0
Dongsi,2016-05-12 18:00:00,12.0,118.75,0,74.27184944812602,74.635461279182,0.1084408498607996,0
Guanyuan,2016-05-12 18:00:00,42.0,94.54166666666667,0,78.99503829110236,79.32450057519858,0.13028685362016662,0
Gucheng,2016-05-12 18:00:00,66.0,86.375,0,79.70132548910317,79.87308622215639,0.12975614652430592,0
Huairou,2016-05-12 18:00:00,29.0,72.58333333333333,0,71.72914553222115,72.13160847972301,0.10924032865796635,0
Nongzhanguan,2016-05-12 18:00:00,63.0,104.875,0,82.65573853298437,83.10586271583708,0.1359616570945465,0
Shunyi,2016-05-12 18:00:00,25.0,85.20833333333333,0,83.00080083822817,83.36558700650389,0.14738442209018077,0
Tiantan,2016-05-12 18:00:00,57.0,95.66666666666667,0,82.12301608343557,82.55630959271767,0.14601091803588837,0
Wanliu,2016-05-12 18:00:00,12.0,97.91666666666667,0,92.30981633831445,92.55697097152739,0.2055533776859006,0
Wanshouxigong,2016-05-12 18:00:00,12.0,111.79166666666667,0,77.90938349025664,78.26136982688051,0.13878883995984503,0
Aotizhongxin,2016-05-12 19:00:00,42.0,98.0,0,89.27570448955008,89.69291145728795,0.18785919264880993,0
Changping,2016-05-12 19:00:00,74.0,76.20833333333333,0,92.51186025384648,92.60829482059295,0.18132792288402874,0
Dingling,2016-05-12 19:00:00,154.0,68.54166666666667,0,102.58972352336082,102.7027939817551,0.22885623896545307,0
Dongsi,2016-05-12 19:00:00,17.0,118.75,0,86.17823984569074,86.5367977294845,0.1519647727736443,0
Guanyuan,2016-05-12 19:00:00,50.0,94.54166666666667,0,92.84635304681638,93.18605512080919,0.19014108154372752,0
Gucheng,2016-05-12 19:00:00,68.0,86.375,0,96.59980426567826,96.71316059351611,0.20184451321166913,0
Huairou,2016-05-12 19:00:00,42.0,72.58333333333333,0,80.03283441788693,80.48856988492454,0.13398757620718688,0
Nongzhanguan,2016-05-12 19:00:00,33.0,104.875,0,92.62548074879518,93.04848891584611,0.18317441848037858,0
Shunyi,2016-05-12 19:00:00,46.0,85.20833333333333,0,96.94553491024146,97.33662771931898,0.20936667325074404,0
Tiantan,2016-05-12 19:00:00,55.0,95.66666666666667,0,93.96995267062665,94.44496665935401,0.20055503321460538,0
Wanliu,2016-05-12 19:00:00,38.0,97.91666666666667,0,98.57173345652441,98.88476737412469,0.23316118409745518,0
Wanshouxigong,2016-05-12 19:00:00,12.0,111.79166666666667,0,90.3737658000054,90.77024650539131,0.19001364334492765,0
Aotizhongxin,2016-05-12 20:00:00,80.0,98.0,0,106.92704779820046,107.22246636009754,0.27561982531609824,0
Changping,2016-05-12 20:00:00,61.0,76.20833333333333,0,93.85739355662923,93.97134628995204,0.185616296998575,0
Dingling,2016-05-12 20:00:00,68.0,68.54166666666667,0,91.611730885388,91.80379737284233,0.18006083848082818,0
Dongsi,2016-05-12 20:00:00,95.0,118.75,0,107.74850565115102,108.0079457867757,0.24490214366061308,0
Guanyuan,2016-05-12 20:00:00,70.0,94.54166666666667,0,111.32518041522474,111.58147004080385,0.2830364603256904,0
Gucheng,2016-05-12 20:00:00,84.0,86.375,0,93.60374942812658,93.79494630175371,0.18096257028975143,0
Huairou,2016-05-12 20:00:00,59.0,72.58333333333333,0,78.4369412180045,78.90714932611083,0.12233852224104363,0
Nongzhanguan,2016-05-12 20:00:00,57.0,104.875,0,110.26321584260319,110.63840755722595,0.275801617497776,0
Shunyi,2016-05-12 20:00:00,74.0,85.20833333333333,0,105.44544698839624,105.87387562867019,0.24373375007482193,0
Tiantan,2016-05-12 20:00:00,70.0,95.66666666666667,0,109.84514927284239,110.29189911720917,0.273107107161512,0
Wanliu,2016-05-12 20:00:00,72.0,97.91666666666667,0,108.13831696269142,108.45890779002778,0.27087489585325497,0
Wanshouxigong,2016-05-12 20:00:00,12.0,111.79166666666667,0,103.60537072611018,103.85155662401881,0.2517912592487935,0
Aotizhongxin,2016-05-12 21:00:00,46.0,98.0,0,105.88934374324232,106.16144470674517,0.2654065236927784,0
Changping,2016-05-12 21:00:00,66.0,76.20833333333333,0,94.11002048614039,94.25801334140235,0.17712986200025813,0
Dingling,2016-05-12 21:00:00,72.0,68.54166666666667,0,90.03893091185569,90.21652898971615,0.16834876248453903,0
Dongsi,2016-05-12 21:00:00,156.0,118.75,0,119.34780577625509,119.54068464524511,0.3006636868026613,0
Guanyuan,2016-05-12 21:00:00,84.0,94.54166666666667,0,113.20560891913081,113.51711108111606,0.286446928352972,0
Gucheng,2016-05-12 21:00:00,107.0,86.375,0,108.91244757395289,109.1545362204397,0.2433731327626131,0
Huairou,2016-05-12 21:00:00,66.0,72.58333333333333,0,77.62991918215064,78.09481982466812,0.10847173473606675,0
Nongzhanguan,2016-05-12 21:00:00,74.0,104.875,0,119.23838383904258,119.58827956977258,0.3196007337343439,0
Shunyi,2016-05-12 21:00:00,82.0,85.20833333333333,0,106.63711288962276,107.00275266183243,0.23980045393326185,0
Tiantan,2016-05-12 21:00:00,57.0,95.66666666666667,0,102.82320440271329,103.12878924511651,0.23148489447809986,0
Wanliu,2016-05-12 21:00:00,82.0,97.91666666666667,0,113.65882688991283,113.99097751367538,0.2897537651927704,0
Wanshouxigong,2016-05-12 21:00:00,29.0,111.79166666666667,0,105.23144502248851,105.43812496522702,0.24978589793395062,0
Aotizhongxin,2016-05-12 22:00:00,72.0,98.0,0,110.43589570422077,110.77547574582856,0.277403071521004,0
Changping,2016-05-12 22:00:00,70.0,76.20833333333333,0,96.43835197382661,96.56388185403176,0.1836640506246225,0
Dingling,2016-05-12 22:00:00,42.0,68.54166666666667,0,87.98905343776957,88.18550947772823,0.16072756677707017,0
Dongsi,2016-05-12 22:00:00,147.0,118.75,0,122.83652630401062,123.10358033642622,0.32057618326687376,0
Guanyuan,2016-05-12 22:00:00,110.0,94.54166666666667,0,117.1292453752017,117.4292161901138,0.30416662562943503,0
Gucheng,2016-05-12 22:00:00,158.0,86.375,0,116.9115111657874,117.12915773228372,0.26849585032691253,0
Huairou,2016-05-12 22:00:00,57.0,72.58333333333333,0,89.69265971933848,90.15917965172758,0.16141925044063105,0
Nongzhanguan,2016-05-12 22:00:00,78.0,104.875,0,126.42742585767753,126.84089821301777,0.36116943333837426,0
Shunyi,2016-05-12 22:00:00,70.0,85.20833333333333,0,98.71396427710506,99.13781653246727,0.18940781529972056,0
Tiantan,2016-05-12 22:00:00,42.0,95.66666666666667,0,106.75674300883307,106.97545585929782,0.263007708877843,0
Wanliu,2016-05-12 22:00:00,112.0,97.91666666666667,0,115.40882925707518,115.63533003326295,0.3023550982249156,0
Wanshouxigong,2016-05-12 22:00:00,33.0,111.79166666666667,0,107.04268677859824,107.26672672785101,0.2502550746889391,0
Aotizhongxin,2016-05-12 23:00:00,91.0,98.0,0,113.57861756288835,113.90327659286072,0.3000681038675057,0
Changping,2016-05-12 23:00:00,66.0,76.20833333333333,0,95.06817841911833,95.16539381796788,0.1813584244602306,0
Dingling,2016-05-12 23:00:00,55.0,68.54166666666667,0,86.36656319170942,86.51061791707593,0.15355237928845478,0
Dongsi,2016-05-12 23:00:00,132.0,118.75,0,122.67142733514783,122.84936780844548,0.32770771855061287,0
Guanyuan,2016-05-12 23:00:00,112.0,94.54166666666667,0,118.68985587049247,119.0289634007235,0.33130462046038656,0
Gucheng,2016-05-12 23:00:00,132.0,86.375,0,108.18229618053262,108.71602620645642,0.2790094633280501,0
Huairou,2016-05-12 23:00:00,53.0,72.58333333333333,0,88.04614308978039,88.56810993903173,0.1642761277069914,0
Nongzhanguan,2016-05-12 23:00:00,124.0,104.875,0,133.19839742291737,133.48386817462097,0.40090792411470694,0
Shunyi,2016-05-12 23:00:00,72.0,85.20833333333333,0,112.71716210522901,113.06976566531554,0.27159786873720215,0
Tiantan,2016-05-12 23:00:00,68.0,95.66666666666667,0,105.78097107948548,106.24232515895636,0.25141898613684094,0
Wanliu,2016-05-12 23:00:00,97.0,97.91666666666667,0,112.38049425902118,112.5561351480142,0.2900390734549406,0
Wanshouxigong,2016-05-12 23:00:00,153.0,111.79166666666667,0,114.63281503001446,115.04918319853928,0.29907769097171605,0
Aotizhongxin,2016-05-13 00:00:00,112.0,111.08333333333333,0,115.98227758346147,116.17505653426052,0.3309915039439644,0
Changping,2016-05-13 00:00:00,59.0,101.66666666666667,0,100.35120511808725,100.40928881525596,0.2167746800118018,0
Dingling,2016-05-13 00:00:00,46.0,93.625,0,89.32375326717818,89.49897322292941,0.1749419904355143,0
Dongsi,2016-05-13 00:00:00,169.0,121.70833333333333,0,131.6480133264267,131.7776606364383,0.37024010795696877,0
Guanyuan,2016-05-13 00:00:00,129.0,115.45833333333333,0,122.97744260443669,123.13535610770782,0.35875954008619143,0
Gucheng,2016-05-13 00:00:00,99.0,115.08333333333333,0,109.57435790362676,109.59739002223213,0.2622717945928842,0
Huairou,2016-05-13 00:00:00,50.0,111.66666666666667,0,90.50490016346501,90.80125443119896,0.1690904319772347,0
Nongzhanguan,2016-05-13 00:00:00,177.0,107.75,0,148.45062050283482,148.65706672095226,0.4954939666642832,0
Shunyi,2016-05-13 00:00:00,82.0,113.875,0,111.76899221184954,111.97997409849823,0.2594387877364637,0
Tiantan,2016-05-13 00:00:00,80.0,103.375,0,110.20103642251924,110.61768487283732,0.30409462146127914,0
Wanliu,2016-05-13 00:00:00,89.0,105.95833333333333,0,122.56421859559083,122.68198992566411,0.3801950221135899,0
Wanshouxigong,2016-05-13 00:00:00,151.0,113.5,0,117.13446582764885,117.2954540881382,0.3108549426658789,0
Aotizhongxin,2016-05-13 01:00:00,134.0,111.08333333333333,0,112.06122908546682,112.18916817168028,0.28304993512235793,0
Changping,2016-05-13 01:00:00,42.0,101.66666666666667,0,83.56831885729554,83.61658732918586,0.1423001032203406,0
Dingling,2016-05-13 01:00:00,29.0,93.625,0,79.230911753843,79.44224815742834,0.13223363858595047,0
Dongsi,2016-05-13 01:00:00,129.0,121.70833333333333,0,116.25806427004649,116.24807618368752,0.2852962990994973,0
Guanyuan,2016-05-13 01:00:00,99.0,115.45833333333333,0,114.86561508468243,114.96869338265051,0.29511479660339446,0
Gucheng,2016-05-13 01:00:00,55.0,115.08333333333333,0,108.6225494259007,108.58371461870603,0.27412165334027205,0
Huairou,2016-05-13 01:00:00,50.0,111.66666666666667,0,87.64870939184348,88.00977052511726,0.14862426777715917,0
Nongzhanguan,2016-05-13 01:00:00,129.0,107.75,0,125.85124650583167,126.04606294621982,0.3488828677556025,0
Shunyi,2016-05-13 01:00:00,84.0,113.875,0,105.59095118659728,105.7448682929802,0.22668543445034864,0
Tiantan,2016-05-13 01:00:00,93.0,103.375,0,106.55250536696616,106.59634100260007,0.24097178948544493,0
Wanliu,2016-05-13 01:00:00,84.0,105.95833333333333,0,119.16273705415807,119.3338859188625,0.34803480655455143,0
Wanshouxigong,2016-05-13 01:00:00,153.0,113.5,0,114.33668459288094,114.40118130339636,0.2757307812424153,0
Aotizhongxin,2016-05-13 02:00:00,110.0,111.08333333333333,0,116.74983396079364,116.86645168519046,0.3328145003819213,0
Changping,2016-05-13 02:00:00,42.0,101.66666666666667,0,98.22978428679251,98.69337281981961,0.2171993029497673,0
Dingling,2016-05-13 02:00:00,12.0,93.625,0,94.84503353702841,95.17115898651173,0.22006803173749076,0
Dongsi,2016-05-13 02:00:00,93.0,121.70833333333333,0,118.66410733887037,118.70177633199538,0.3185396582290899,0
Guanyuan,2016-05-13 02:00:00,84.0,115.45833333333333,0,120.5788847039786,120.68693688968665,0.34508844025504154,0
Gucheng,2016-05-13 02:00:00,42.0,115.08333333333333,0,113.56814022199512,113.5286641961546,0.32110367507431425,0
Huairou,2016-05-13 02:00:00,66.0,111.66666666666667,0,86.80927982286988,87.08224211529837,0.14105087562757018,0
Nongzhanguan,2016-05-13 02:00:00,115.0,107.75,0,131.34039088571697,131.48444451005324,0.39696763067113,0
Shunyi,2016-05-13 02:00:00,80.0,113.875,0,109.64617018410124,109.79855016304522,0.26255536415532904,0
Tiantan,2016-05-13 02:00:00,110.0,103.375,0,110.54798456324588,110.64076079679646,0.2701070366094595,0
Wanliu,2016-05-13 02:00:00,84.0,105.95833333333333,0,112.78076386131049,112.93285708933745,0.29505752362820065,0
Wanshouxigong,2016-05-13 02:00:00,132.0,113.5,0,117.62322416709178,117.70321955096685,0.31129489184393927,0
Aotizhongxin,2016-05-13 03:00:00,82.0,111.08333333333333,0,116.41022406582027,116.78941906593931,0.3481188119552091,0
Changping,2016-05-13 03:00:00,42.0,101.66666666666667,0,96.02547041337522,96.1783137292624,0.20588424354543447,0
Dingling,2016-05-13 03:00:00,12.0,93.625,0,93.36615307738862,93.5722348064277,0.2111285537279166,0
Dongsi,2016-05-13 03:00:00,152.0,121.70833333333333,0,124.99692485992271,125.38207580403528,0.3595269187808802,0
Guanyuan,2016-05-13 03:00:00,78.0,115.45833333333333,0,119.71830997809003,119.98563086871167,0.34760199540195674,0
Gucheng,2016-05-13 03:00:00,42.0,115.08333333333333,0,112.43228932904607,112.78006631029392,0.32102246501801995,0
Huairou,2016-05-13 03:00:00,46.0,111.66666666666667,0,85.60131853465046,86.13376192075026,0.1416774141145087,0
Nongzhanguan,2016-05-13 03:00:00,122.0,107.75,0,135.14877624305453,135.5189172614619,0.4375907719503054,0
Shunyi,2016-05-13 03:00:00,70.0,113.875,0,103.3816491733113,103.82939640772008,0.23393155538429447,0
Tiantan,2016-05-13 03:00:00,102.0,103.375,0,108.66332790901888,109.09958686251693,0.26673742865889155,0
Wanliu,2016-05-13 03:00:00,87.0,105.95833333333333,0,120.09576643777717,120.5469548195603,0.37008399080029486,0
Wanshouxigong,2016-05-13 03:00:00,97.0,113.5,0,115.18766894124133,115.42560254407645,0.3111753330675032,0
Aotizhongxin,2016-05-13 04:00:00,29.0,111.08333333333333,0,121.2781792715792,121.4383730083039,0.39146571740021074,0
Changping,2016-05-13 04:00:00,12.0,101.66666666666667,0,102.42952981940996,102.51468453132864,0.24668159174426943,0
Dingling,2016-05-13 04:00:00,42.0,93.625,0,100.29212282149304,100.46845724517203,0.24823616252060993,0
Dongsi,2016-05-13 04:00:00,112.0,121.70833333333333,0,139.72211838055463,139.69010755115505,0.49196027139586734,0
Guanyuan,2016-05-13 04:00:00,87.0,115.45833333333333,0,132.50036043432814,132.6212602287682,0.4501467943060976,0
Gucheng,2016-05-13 04:00:00,72.0,115.08333333333333,0,129.06950772801937,129.18315061427896,0.41474796184134904,0
Huairou,2016-05-13 04:00:00,59.0,111.66666666666667,0,92.45425757447654,92.77488853905692,0.16930958141928984,0
Nongzhanguan,2016-05-13 04:00:00,107.0,107.75,0,144.4598768886552,144.4776689222813,0.5152279628057443,1
Shunyi,2016-05-13 04:00:00,66.0,113.875,0,112.94648081069482,112.90255309849101,0.28680437389746544,0
Tiantan,2016-05-13 04:00:00,102.0,103.375,0,122.69986245346081,122.7090223893208,0.3638337759899656,0
Wanliu,2016-05-13 04:00:00,53.0,105.95833333333333,0,122.42018391321902,122.68003413894003,0.39544592507091636,0
Wanshouxigong,2016-05-13 04:00:00,112.0,113.5,0,125.5988067783665,125.82615707381957,0.39195242675463765,0
Aotizhongxin,2016-05-13 05:00:00,97.0,111.08333333333333,0,124.79749983305832,125.01396233279877,0.3998468948090616,0
Changping,2016-05-13 05:00:00,53.0,101.66666666666667,0,108.59585559923016,108.76352848476279,0.2857122005020223,0
Dingling,2016-05-13 05:00:00,38.0,93.625,0,101.75369300562457,102.00248705878136,0.2606181330928695,0
Dongsi,2016-05-13 05:00:00,102.0,121.70833333333333,0,135.13042445031084,135.10047106569908,0.45490697361750554,0
Guanyuan,2016-05-13 05:00:00,74.0,115.45833333333333,0,130.45754138001567,130.64196938446875,0.43088244618992055,0
Gucheng,2016-05-13 05:00:00,50.0,115.08333333333333,0,120.97881392986457,121.02157070997694,0.36214243259986023,0
Huairou,2016-05-13 05:00:00,42.0,111.66666666666667,0,93.94384562235183,93.99861661577137,0.18325287988141895,0
Nongzhanguan,2016-05-13 05:00:00,91.0,107.75,0,141.21338763642245,141.20617596039511,0.49239142796241614,0
Shunyi,2016-05-13 05:00:00,50.0,113.875,0,114.35401883275858,114.293907155955,0.29967328534005466,0
Tiantan,2016-05-13 05:00:00,87.0,103.375,0,117.80235656124943,117.85257500756208,0.33142294648102816,0
Wanliu,2016-05-13 05:00:00,68.0,105.95833333333333,0,124.90233952365342,124.98960991865499,0.4075250904141004,0
Wanshouxigong,2016-05-13 05:00:00,55.0,113.5,0,121.17277439246254,121.31486722940826,0.3720542071294788,0
Aotizhongxin,2016-05-13 06:00:00,61.0,111.08333333333333,0,115.30674508928627,115.38736439993578,0.35200469740163254,0
Changping,2016-05-13 06:00:00,66.0,101.66666666666667,0,101.8839193755069,102.06232828468305,0.23337182010694227,0
Dingling,2016-05-13 06:00:00,25.0,93.625,0,90.16565369821365,90.41888353030117,0.19176925179354942,0
Dongsi,2016-05-13 06:00:00,112.0,121.70833333333333,0,131.5229408605649,131.43367800553514,0.4408755197227093,0
Guanyuan,2016-05-13 06:00:00,68.0,115.45833333333333,0,123.50160370932576,123.55744251853267,0.38821411398679956,0
Gucheng,2016-05-13 06:00:00,38.0,115.08333333333333,0,122.27972160948903,122.35795885420578,0.3978122011706246,0
Huairou,2016-05-13 06:00:00,33.0,111.66666666666667,0,95.79584406852018,95.87500926760498,0.20657217705164543,0
Nongzhanguan,2016-05-13 06:00:00,91.0,107.75,0,142.93284235433327,142.8343433803358,0.5299418291118219,1
Shunyi,2016-05-13 06:00:00,50.0,113.875,0,115.59461300295496,115.6374999880192,0.3218270525596154,0
Tiantan,2016-05-13 06:00:00,72.0,103.375,0,109.76588220515619,109.7360743681128,0.29911405642606087,0
Wanliu,2016-05-13 06:00:00,46.0,105.95833333333333,0,118.97590953298999,119.1573671564872,0.3750634772470298,0
Wanshouxigong,2016-05-13 06:00:00,70.0,113.5,0,114.85769553412158,114.9779261576476,0.3319541679323761,0
Aotizhongxin,2016-05-13 07:00:00,74.0,111.08333333333333,0,119.9041163875526,119.86881744613564,0.3953997026830844,0
Changping,2016-05-13 07:00:00,72.0,101.66666666666667,0,114.93813463813926,115.00226155898048,0.32191925337383054,0
Dingling,2016-05-13 07:00:00,29.0,93.625,0,99.34130666477705,99.52019371278499,0.24959485170320345,0
Dongsi,2016-05-13 07:00:00,132.0,121.70833333333333,0,139.85644869127643,139.55764767188523,0.5103738706930433,1
Guanyuan,2016-05-13 07:00:00,84.0,115.45833333333333,0,129.6923908011113,129.66852295960354,0.4405646843306426,0
Gucheng,2016-05-13 07:00:00,59.0,115.08333333333333,0,124.70699237144665,124.63883736187232,0.4139362446344417,0
Huairou,2016-05-13 07:00:00,46.0,111.66666666666667,0,106.7411329822945,106.56884409312129,0.2701183638674936,0
Nongzhanguan,2016-05-13 07:00:00,91.0,107.75,0,137.2672215108153,137.07966652815372,0.4898686890078829,0
Shunyi,2016-05-13 07:00:00,53.0,113.875,0,117.43160696032876,117.2712585445328,0.3390733985664767,0
Tiantan,2016-05-13 07:00:00,93.0,103.375,0,128.99365802655325,128.75312090271936,0.4512297811457472,0
Wanliu,2016-05-13 07:00:00,63.0,105.95833333333333,0,122.72867410879024,122.84770355276865,0.4030972990951922,0
Wanshouxigong,2016-05-13 07:00:00,137.0,113.5,0,129.23802435433058,129.06913307764748,0.4340883136851724,0
Aotizhongxin,2016-05-13 08:00:00,80.0,111.08333333333333,0,127.06656069420033,126.7728956078277,0.45300436886010426,0
Changping,2016-05-13 08:00:00,70.0,101.66666666666667,0,124.32031990570215,124.20442603203703,0.40831416529955583,0
Dingling,2016-05-13 08:00:00,59.0,93.625,0,113.68017298916612,113.67898313923129,0.3582568997121733,0
Dongsi,2016-05-13 08:00:00,142.0,121.70833333333333,0,145.59953808846515,145.18607052641883,0.5651867008639035,1
Guanyuan,2016-05-13 08:00:00,89.0,115.45833333333333,0,131.89278710617356,131.8091516278736,0.4640014081477402,0
Gucheng,2016-05-13 08:00:00,91.0,115.08333333333333,0,129.71689107487632,129.6462687134187,0.4421231785265895,0
Huairou,2016-05-13 08:00:00,57.0,111.66666666666667,0,108.47221591768792,108.28103361047143,0.2857115762141348,0
Nongzhanguan,2016-05-13 08:00:00,95.0,107.75,0,143.2649920589014,142.94077749935946,0.5410531368417038,1
Shunyi,2016-05-13 08:00:00,59.0,113.875,0,115.16896075768412,114.99659817914451,0.32474776599059835,0
Tiantan,2016-05-13 08:00:00,117.0,103.375,0,143.3011181728242,143.07323948111585,0.5570752043874877,1
Wanliu,2016-05-13 08:00:00,55.0,105.95833333333333,0,121.60136386610039,121.71707887185498,0.4067696785959204,0
Wanshouxigong,2016-05-13 08:00:00,162.0,113.5,0,147.49481382870425,147.19572513682908,0.5764646201461552,1
Aotizhongxin,2016-05-13 09:00:00,84.0,111.08333333333333,0,133.06237515733562,133.01294164321297,0.5157458555320346,1
Changping,2016-05-13 09:00:00,70.0,101.66666666666667,0,130.12416640253042,130.05720599898035,0.4755299572090487,0
Dingling,2016-05-13 09:00:00,66.0,93.625,0,121.18891740101279,121.18278777471622,0.4303753344913751,0
Dongsi,2016-05-13 09:00:00,183.0,121.70833333333333,0,174.68556523137397,174.17507042047245,0.74396783967631,1
Guanyuan,2016-05-13 09:00:00,107.0,115.45833333333333,0,143.14999344688724,143.06418516159718,0.5606709639782936,1
Gucheng,2016-05-13 09:00:00,72.0,115.08333333333333,0,143.69640641072812,143.55235520843394,0.5972456981714919,1
Huairou,2016-05-13 09:00:00,53.0,111.66666666666667,0,111.53399502311945,111.19872501001083,0.3149719877708869,0
Nongzhanguan,2016-05-13 09:00:00,107.0,107.75,0,152.9753821303273,152.60319642758517,0.6219740701660926,1
Shunyi,2016-05-13 09:00:00,61.0,113.875,0,119.90178443121977,119.63773595492067,0.37471864185013787,0
Tiantan,2016-05-13 09:00:00,80.0,103.375,0,148.06091732046306,147.95058477088338,0.6160957320242216,1
Wanliu,2016-05-13 09:00:00,76.0,105.95833333333333,0,134.77464247944627,134.78369979754194,0.5146160678655656,1
Wanshouxigong,2016-05-13 09:00:00,165.0,113.5,0,159.21121988966817,159.09603181164564,0.6621715422318457,1
Aotizhongxin,2016-05-13 10:00:00,97.0,111.08333333333333,0,137.30899216921833,137.12785399106724,0.5463142984269943,1
Changping,2016-05-13 10:00:00,59.0,101.66666666666667,0,116.23896054730538,116.10035300808495,0.3648256062503788,0
Dingling,2016-05-13 10:00:00,68.0,93.625,0,110.70331738923106,110.59649286153838,0.3407100510608434,0
Dongsi,2016-05-13 10:00:00,149.0,121.70833333333333,0,166.34609674293677,165.81870067874522,0.7343054133228993,1
Guanyuan,2016-05-13 10:00:00,122.0,115.45833333333333,0,146.7101624219743,146.5607510303858,0.58808834849247,1
Gucheng,2016-05-13 10:00:00,122.0,115.08333333333333,0,161.39493684540193,161.11446392492292,0.7195418327747855,1
Huairou,2016-05-13 10:00:00,59.0,111.66666666666667,0,111.28811267101781,111.077915291639,0.32288219144010954,0
Nongzhanguan,2016-05-13 10:00:00,151.0,107.75,0,167.88376999271674,167.54783216135613,0.7177050627822006,1
Shunyi,2016-05-13 10:00:00,74.0,113.875,0,135.26742740404453,134.99490253604847,0.5065339284983641,1
Tiantan,2016-05-13 10:00:00,122.0,103.375,0,152.5277426089956,152.276836611055,0.6449147513460596,1
Wanliu,2016-05-13 10:00:00,151.0,105.95833333333333,0,152.80998126542676,152.6105609291266,0.6474486380205726,1
Wanshouxigong,2016-05-13 10:00:00,149.0,113.5,0,153.73879558022145,153.42781841732014,0.6466309750279541,1
Aotizhongxin,2016-05-13 11:00:00,84.0,111.08333333333333,0,118.76297371470682,118.60449595630081,0.40741592577558994,0
Changping,2016-05-13 11:00:00,61.0,101.66666666666667,0,122.00110180138942,121.76242834149073,0.4223723018228498,0
Dingling,2016-05-13 11:00:00,72.0,93.625,0,117.85268886117605,117.77434832022766,0.41171609757612715,0
Dongsi,2016-05-13 11:00:00,102.0,121.70833333333333,0,134.7383985013109,134.20724757179696,0.5175089782651957,1
Guanyuan,2016-05-13 11:00:00,87.0,115.45833333333333,0,121.21052167301369,120.98665416704885,0.40090115482673094,0
Gucheng,2016-05-13 11:00:00,93.0,115.08333333333333,0,120.34748512363635,120.1554097772489,0.40862557900705965,0
Huairou,2016-05-13 11:00:00,72.0,111.66666666666667,0,114.2053514394886,113.99609649472849,0.3409158707994391,0
Nongzhanguan,2016-05-13 11:00:00,105.0,107.75,0,137.93009700825976,137.65745237102288,0.5113440877302676,1
Shunyi,2016-05-13 11:00:00,142.0,113.875,0,145.99935897571464,145.69035678432448,0.579365550706735,1
Tiantan,2016-05-13 11:00:00,72.0,103.375,0,121.2338938999921,120.89665594857071,0.4197563373312834,0
Wanliu,2016-05-13 11:00:00,177.0,105.95833333333333,0,147.53292858947339,147.25957900213598,0.578273013848208,1
Wanshouxigong,2016-05-13 11:00:00,105.0,113.5,0,124.93111391818164,124.56872711978028,0.4386231287426167,0
Aotizhongxin,2016-05-13 12:00:00,82.0,111.08333333333333,0,118.81578646059498,118.64752545036451,0.4197880886072594,0
Changping,2016-05-13 12:00:00,91.0,101.66666666666667,0,127.31553799070879,127.10554500317241,0.4510859494816223,0
Dingling,2016-05-13 12:00:00,91.0,93.625,0,124.85815971039342,124.71895051679506,0.45782369100057996,0
Dongsi,2016-05-13 12:00:00,89.0,121.70833333333333,0,132.68624236968077,132.1043743834075,0.5162027397872433,1
Guanyuan,2016-05-13 12:00:00,72.0,115.45833333333333,0,118.60319347087017,118.38692245530638,0.394553033664737,0
Gucheng,2016-05-13 12:00:00,78.0,115.08333333333333,0,108.72129556065661,108.57092512885511,0.32207004361054875,0
Huairou,2016-05-13 12:00:00,80.0,111.66666666666667,0,121.3106931722677,121.00202511964645,0.39214357882607864,0
Nongzhanguan,2016-05-13 12:00:00,105.0,107.75,0,132.778646589018,132.43822159094304,0.4787400443538664,0
Shunyi,2016-05-13 12:00:00,134.0,113.875,0,129.25828612276356,128.98846833799644,0.4594578583639266,0
Tiantan,2016-05-13 12:00:00,91.0,103.375,0,124.5155423133392,124.20305609877589,0.4481964762530169,0
Wanliu,2016-05-13 12:00:00,102.0,105.95833333333333,0,133.82656429146618,133.57230877609825,0.5295090365372035,1
Wanshouxigong,2016-05-13 12:00:00,102.0,113.5,0,126.56432397368991,126.21866750802974,0.4613231513557033,0
Aotizhongxin,2016-05-13 13:00:00,76.0,111.08333333333333,0,124.61925927730434,124.46849294238964,0.46849035269067335,0
Changping,2016-05-13 13:00:00,82.0,101.66666666666667,0,101.80820173499984,101.56604289552568,0.2608897845696547,0
Dingling,2016-05-13 13:00:00,84.0,93.625,0,100.39271883181169,100.32392829730536,0.2678001157643511,0
Dongsi,2016-05-13 13:00:00,102.0,121.70833333333333,0,140.89032942584956,140.34101745307512,0.5873411013149774,1
Guanyuan,2016-05-13 13:00:00,91.0,115.45833333333333,0,128.48072920412548,128.25015336114117,0.46922376701403573,0
Gucheng,2016-05-13 13:00:00,80.0,115.08333333333333,0,107.8375579120715,107.67895202901522,0.31013740827284303,0
Huairou,2016-05-13 13:00:00,117.0,111.66666666666667,0,110.08413275180253,109.83693065281224,0.3031605160997258,0
Nongzhanguan,2016-05-13 13:00:00,82.0,107.75,0,136.8428476005729,136.53282622780935,0.5306679242530359,1
Shunyi,2016-05-13 13:00:00,76.0,113.875,0,117.72861494912593,117.44072000792076,0.38114433216391536,0
Tiantan,2016-05-13 13:00:00,82.0,103.375,0,130.45492406830417,130.21142367694907,0.5009055407677544,1
Wanliu,2016-05-13 13:00:00,152.0,105.95833333333333,0,123.91197837277139,123.71697673027316,0.42354189341936327,0
Wanshouxigong,2016-05-13 13:00:00,57.0,113.5,0,128.33892144025458,128.09800070146898,0.48868735328792695,0
Aotizhongxin,2016-05-13 14:00:00,119.0,111.08333333333333,0,136.38768427616665,136.0775902608419,0.5473978166868414,1
Changping,2016-05-13 14:00:00,89.0,101.66666666666667,0,104.10953777946607,103.80407818783334,0.27063019353760254,0
Dingling,2016-05-13 14:00:00,82.0,93.625,0,98.38040845188031,98.33284675286697,0.2537588303348378,0
Dongsi,2016-05-13 14:00:00,115.0,121.70833333333333,0,140.3164186633395,139.94749345061064,0.5697852251114868,1
Guanyuan,2016-05-13 14:00:00,122.0,115.45833333333333,0,137.61382499186985,137.3754993571149,0.5270167008882114,1
Gucheng,2016-05-13 14:00:00,112.0,115.08333333333333,0,116.67215701420423,116.4860641718223,0.36002089011414373,0
Huairou,2016-05-13 14:00:00,74.0,111.66666666666667,0,119.43705090086104,119.16955625715957,0.39122567732005686,0
Nongzhanguan,2016-05-13 14:00:00,95.0,107.75,0,146.74378856312072,146.23729151883919,0.5980678540641107,1
Shunyi,2016-05-13 14:00:00,115.0,113.875,0,123.38793589596602,123.05881174205089,0.41362625526565505,0
Tiantan,2016-05-13 14:00:00,91.0,103.375,0,135.749203953919,135.48241067815076,0.5338403216639194,1
Wanliu,2016-05-13 14:00:00,144.0,105.95833333333333,0,133.96510378515498,133.77469671810354,0.505947066399309,1
Wanshouxigong,2016-05-13 14:00:00,156.0,113.5,0,145.09711100665686,144.80692272266674,0.58633579613388,1
Aotizhongxin,2016-05-13 15:00:00,119.0,111.08333333333333,0,131.02904253482617,130.828246276674,0.4998491563934792,0
Changping,2016-05-13 15:00:00,119.0,101.66666666666667,0,107.06169294920534,106.8165831732615,0.281813839170321,0
Dingling,2016-05-13 15:00:00,105.0,93.625,0,102.95220357180048,102.88494571294217,0.27368652838693547,0
Dongsi,2016-05-13 15:00:00,144.0,121.70833333333333,0,143.91799856033103,143.66469422767338,0.5661650087184187,1
Guanyuan,2016-05-13 15:00:00,122.0,115.45833333333333,0,133.58799788142943,133.34730474570907,0.4839166042221816,0
Gucheng,2016-05-13 15:00:00,99.0,115.08333333333333,0,112.64852136278074,112.46592570137855,0.32264937531701976,0
Huairou,2016-05-13 15:00:00,95.0,111.66666666666667,0,121.28389991864955,120.89604602413101,0.3945472446857119,0
Nongzhanguan,2016-05-13 15:00:00,95.0,107.75,0,144.00015770646706,143.49768609322751,0.5675346072385091,1
