station,datetime,tomorrows_aqi_value,tomorrows_hazardous_air_day_flag,ridge_prediction,lasso_prediction,hazard_probability,hazard_prediction
Aotizhongxin,2016-05-11 22:00:00,76.95833333333333,0,141.10836502898556,144.23267130071724,0.4808050350184293,0
Changping,2016-05-11 22:00:00,73.875,0,138.5809382979984,140.66403401205932,0.43217895161347625,0
Dingling,2016-05-11 22:00:00,74.5,0,149.47617600260494,151.0907387505302,0.5381175699701507,1
Dongsi,2016-05-11 22:00:00,85.375,0,163.53092941495382,165.20391146732092,0.597396027071898,1
Guanyuan,2016-05-11 22:00:00,94.16666666666667,0,158.98197335688772,161.7618935261005,0.5614996314903088,1
Gucheng,2016-05-11 22:00:00,104.5,0,164.51919518891665,166.662004831131,0.5942750110527425,1
Huairou,2016-05-11 22:00:00,61.458333333333336,0,140.35184510648043,139.94364669796772,0.4798575695973297,0
Nongzhanguan,2016-05-11 22:00:00,72.33333333333333,0,143.31263331802475,145.99967759390535,0.4858778252707243,0
Shunyi,2016-05-11 22:00:00,68.95833333333333,0,145.4039063532157,146.65616206665277,0.5375594639128957,1
Tiantan,2016-05-11 22:00:00,76.54166666666667,0,133.87442865413558,135.45735452628927,0.41379613809419696,0
Wanliu,2016-05-11 22:00:00,82.66666666666667,0,166.42978973823344,169.581146698569,0.6174869911900884,1
Wanshouxigong,2016-05-11 22:00:00,77.54166666666667,0,154.01569011349287,155.72299724848418,0.5427001196020989,1
Aotizhongxin,2016-05-11 23:00:00,76.95833333333333,0,114.76500832770537,118.59657413302835,0.2594602400499026,0
Changping,2016-05-11 23:00:00,73.875,0,126.31951932823652,128.51122506481192,0.3244094183131279,0
Dingling,2016-05-11 23:00:00,74.5,0,144.3828741068366,146.5123603506216,0.46368388559768764,0
Dongsi,2016-05-11 23:00:00,85.375,0,140.19652089100535,142.49855656655947,0.3718939891633643,0
Guanyuan,2016-05-11 23:00:00,94.16666666666667,0,128.23070450264058,132.06294741606206,0.2980256366356871,0
Gucheng,2016-05-11 23:00:00,104.5,0,142.57844210773072,146.94362121936663,0.36622406193927054,0
Huairou,2016-05-11 23:00:00,61.458333333333336,0,126.66696398281414,127.03743305788477,0.3479439243527945,0
Nongzhanguan,2016-05-11 23:00:00,72.33333333333333,0,121.24427029185955,124.57168220901454,0.27945420214769684,0
Shunyi,2016-05-11 23:00:00,68.95833333333333,0,126.9125234683528,128.65828223993134,0.3693689117126562,0
Tiantan,2016-05-11 23:00:00,76.54166666666667,0,114.48384293069522,116.601118492944,0.2696307282390757,0
Wanliu,2016-05-11 23:00:00,82.66666666666667,0,142.09017437777663,145.79254500355245,0.4060357328921443,0
Wanshouxigong,2016-05-11 23:00:00,77.54166666666667,0,116.4665278471737,119.62352404820727,0.25073106934198497,0
Aotizhongxin,2016-05-12 00:00:00,98.0,0,139.9016396435912,142.58752449997596,0.4508562115399371,0
Changping,2016-05-12 00:00:00,76.20833333333333,0,134.93697525521554,137.01108275798325,0.41190082867188,0
Dingling,2016-05-12 00:00:00,68.54166666666667,0,147.85130379662962,150.0410619488607,0.5327550443752611,1
Dongsi,2016-05-12 00:00:00,118.75,0,171.80208441438674,172.90862865787366,0.6225181519386352,1
Guanyuan,2016-05-12 00:00:00,94.54166666666667,0,158.7851837377437,161.02710978407615,0.54164651847848,1
Gucheng,2016-05-12 00:00:00,86.375,0,153.276693854514,153.9271346200549,0.5054117877462639,1
Huairou,2016-05-12 00:00:00,72.58333333333333,0,123.07460401336081,122.42873240731626,0.3403771088914005,0
Nongzhanguan,2016-05-12 00:00:00,104.875,0,151.0250177823329,153.46905484388265,0.514346394880733,1
Shunyi,2016-05-12 00:00:00,85.20833333333333,0,150.38688951325048,151.22725093918834,0.5654733683652655,1
Tiantan,2016-05-12 00:00:00,95.66666666666667,0,143.72460461073717,144.85855559553627,0.4938074257311448,0
Wanliu,2016-05-12 00:00:00,97.91666666666667,0,146.63843643506397,149.46345103473521,0.4567187495206055,0
Wanshouxigong,2016-05-12 00:00:00,111.79166666666667,0,144.32621044971037,145.93355673452294,0.4711975407845293,0
Aotizhongxin,2016-05-12 01:00:00,98.0,0,145.63960873446612,148.07572360295404,0.471468711623053,0
Changping,2016-05-12 01:00:00,76.20833333333333,0,131.81262756481777,133.5818113099332,0.376355089057984,0
Dingling,2016-05-12 01:00:00,68.54166666666667,0,140.87437846203318,142.8488558694276,0.47570519267646233,0
Dongsi,2016-05-12 01:00:00,118.75,0,183.9169044345453,184.5925201277359,0.6738107963919413,1
Guanyuan,2016-05-12 01:00:00,94.54166666666667,0,151.2002270868653,153.0083046245054,0.49654885665903786,0
Gucheng,2016-05-12 01:00:00,86.375,0,147.8425085582816,149.455035510811,0.45121716567395026,0
Huairou,2016-05-12 01:00:00,72.58333333333333,0,130.73091038781422,130.28884303237288,0.4118645840708093,0
Nongzhanguan,2016-05-12 01:00:00,104.875,0,154.66631532127815,156.87365995851187,0.5173085505590699,1
Shunyi,2016-05-12 01:00:00,85.20833333333333,0,132.4345655325457,132.82403687641383,0.3784159646161958,0
Tiantan,2016-05-12 01:00:00,95.66666666666667,0,148.2834169776509,148.68291878014347,0.48877233706026485,0
Wanliu,2016-05-12 01:00:00,97.91666666666667,0,129.83333898943613,132.82292083145416,0.31551061125452146,0
Wanshouxigong,2016-05-12 01:00:00,111.79166666666667,0,154.76413824301656,155.87804611853423,0.5346163202095661,1
Aotizhongxin,2016-05-12 02:00:00,98.0,0,119.04784644723944,122.36104386532297,0.29505513852978676,0
Changping,2016-05-12 02:00:00,76.20833333333333,0,74.91357609297707,78.12639746840128,0.11010032567134447,0
Dingling,2016-05-12 02:00:00,68.54166666666667,0,73.62997713724562,77.6553550118355,0.1181943645054335,0
Dongsi,2016-05-12 02:00:00,118.75,0,151.30622172016444,153.03870024058088,0.45504711461992897,0
Guanyuan,2016-05-12 02:00:00,94.54166666666667,0,123.7545037877168,126.5585134414597,0.3019972355098428,0
Gucheng,2016-05-12 02:00:00,86.375,0,111.3816204303699,113.62028351892029,0.21491346499294522,0
Huairou,2016-05-12 02:00:00,72.58333333333333,0,117.59182111217183,117.59778476633512,0.29269992344559526,0
Nongzhanguan,2016-05-12 02:00:00,104.875,0,131.35772505091964,134.56246793475634,0.3335842080298102,0
Shunyi,2016-05-12 02:00:00,85.20833333333333,0,84.98913303958338,86.11451530412435,0.10327670383317263,0
Tiantan,2016-05-12 02:00:00,95.66666666666667,0,125.09084914990453,126.8157638766436,0.3366346454449056,0
Wanliu,2016-05-12 02:00:00,97.91666666666667,0,144.35312164573418,146.73513553001942,0.45298858172291306,0
Wanshouxigong,2016-05-12 02:00:00,111.79166666666667,0,128.50751124454632,130.3273722732335,0.34330941727770997,0
Aotizhongxin,2016-05-12 03:00:00,98.0,0,82.74078225061345,86.62759091385587,0.147600586865405,0
Changping,2016-05-12 03:00:00,76.20833333333333,0,86.45833744256221,89.09585547074002,0.1780743042222725,0
Dingling,2016-05-12 03:00:00,68.54166666666667,0,92.08328863411138,95.68629346178399,0.2129870237208187,0
Dongsi,2016-05-12 03:00:00,118.75,0,105.23379642287453,107.35263907959234,0.21271303157208288,0
Guanyuan,2016-05-12 03:00:00,94.54166666666667,0,101.84399203473707,105.01776217225267,0.1926933893671761,0
Gucheng,2016-05-12 03:00:00,86.375,0,81.48922304784159,84.01246907706476,0.12722825110198668,0
Huairou,2016-05-12 03:00:00,72.58333333333333,0,109.00592473546024,110.2432043959331,0.29574115039954324,0
Nongzhanguan,2016-05-12 03:00:00,104.875,0,81.2209697689786,84.88675750371843,0.12768580889565817,0
Shunyi,2016-05-12 03:00:00,85.20833333333333,0,79.25181897241731,81.2650415432508,0.125640795475737,0
Tiantan,2016-05-12 03:00:00,95.66666666666667,0,95.69918754563236,97.9722188610564,0.195725542989085,0
Wanliu,2016-05-12 03:00:00,97.91666666666667,0,104.96509416943958,108.60435182186856,0.2413785638979452,0
Wanshouxigong,2016-05-12 03:00:00,111.79166666666667,0,106.24122349748072,108.64812882549907,0.22649510978528076,0
Aotizhongxin,2016-05-12 04:00:00,98.0,0,84.86151031565564,87.89458341716144,0.17758701558959208,0
Changping,2016-05-12 04:00:00,76.20833333333333,0,72.69690938771383,75.65531568077307,0.11855288338658443,0
Dingling,2016-05-12 04:00:00,68.54166666666667,0,76.2548131095308,80.32766660116776,0.13574518671084604,0
Dongsi,2016-05-12 04:00:00,118.75,0,87.71130431165153,90.07966351949901,0.1745143518738118,0
Guanyuan,2016-05-12 04:00:00,94.54166666666667,0,83.36904686299158,86.2340806977038,0.15654376570276765,0
Gucheng,2016-05-12 04:00:00,86.375,0,63.41031410699702,65.95119990437192,0.08659056463040857,0
Huairou,2016-05-12 04:00:00,72.58333333333333,0,90.38020391134346,92.45891595655493,0.2086963184886929,0
Nongzhanguan,2016-05-12 04:00:00,104.875,0,81.69456801197178,84.63279016163753,0.1472553951664841,0
Shunyi,2016-05-12 04:00:00,85.20833333333333,0,93.11929116844748,94.32154740905207,0.22272624003740338,0
Tiantan,2016-05-12 04:00:00,95.66666666666667,0,89.41080807603315,90.67653281603381,0.1970640930879807,0
Wanliu,2016-05-12 04:00:00,97.91666666666667,0,92.4379790782917,95.88650085217162,0.20323029083942415,0
Wanshouxigong,2016-05-12 04:00:00,111.79166666666667,0,92.22449840320458,94.13502333207762,0.19562914852529645,0
Aotizhongxin,2016-05-12 05:00:00,98.0,0,89.91598543241001,92.60010131900611,0.20225339684705698,0
Changping,2016-05-12 05:00:00,76.20833333333333,0,60.00989076166145,62.82276478045239,0.07547512591976523,0
Dingling,2016-05-12 05:00:00,68.54166666666667,0,66.37993789876857,70.34790385131441,0.09589707843072356,0
Dongsi,2016-05-12 05:00:00,118.75,0,90.41599363293912,92.50895971496612,0.18841645732916915,0
Guanyuan,2016-05-12 05:00:00,94.54166666666667,0,90.0446461231795,92.01913911240098,0.18470060382971565,0
Gucheng,2016-05-12 05:00:00,86.375,0,71.2540081437436,73.51075025433758,0.10932883354780497,0
Huairou,2016-05-12 05:00:00,72.58333333333333,0,79.19898247875696,81.30058571513564,0.15776001340118992,0
Nongzhanguan,2016-05-12 05:00:00,104.875,0,86.43500433717352,89.12203709532173,0.16926113595204115,0
Shunyi,2016-05-12 05:00:00,85.20833333333333,0,91.91798907522218,92.67894741920884,0.215168965199809,0
Tiantan,2016-05-12 05:00:00,95.66666666666667,0,92.92350445982697,93.93943780373979,0.2152351939972254,0
Wanliu,2016-05-12 05:00:00,97.91666666666667,0,84.60862083078297,87.938191324456,0.16993901698012953,0
Wanshouxigong,2016-05-12 05:00:00,111.79166666666667,0,92.89405721189404,94.24368599979704,0.2093470208883977,0
Aotizhongxin,2016-05-12 06:00:00,98.0,0,95.07861097000298,98.02177666734693,0.2267008754159773,0
Changping,2016-05-12 06:00:00,76.20833333333333,0,78.08465731629889,80.23670643707928,0.13037482039419837,0
Dingling,2016-05-12 06:00:00,68.54166666666667,0,83.65805123673024,86.46262972027878,0.1599952212231642,0
Dongsi,2016-05-12 06:00:00,118.75,0,97.63085756199355,100.07039616329723,0.21991232690840676,0
Guanyuan,2016-05-12 06:00:00,94.54166666666667,0,97.06719041443532,99.46552057948114,0.22052768258262406,0
Gucheng,2016-05-12 06:00:00,86.375,0,83.18224827181183,85.24916753792394,0.14699183573232022,0
Huairou,2016-05-12 06:00:00,72.58333333333333,0,89.8837822693639,92.23111609211864,0.20160990933974673,0
Nongzhanguan,2016-05-12 06:00:00,104.875,0,93.85408604073665,97.05158849465423,0.20604997364516722,0
Shunyi,2016-05-12 06:00:00,85.20833333333333,0,93.12662313085725,94.1408701150848,0.20600757804756964,0
Tiantan,2016-05-12 06:00:00,95.66666666666667,0,100.08218593813486,101.83867233222986,0.25107305672989777,0
Wanliu,2016-05-12 06:00:00,97.91666666666667,0,93.19363206811974,96.20094455896292,0.20313645159028446,0
Wanshouxigong,2016-05-12 06:00:00,111.79166666666667,0,100.47201165808909,102.07764039900812,0.24524251733024174,0
Aotizhongxin,2016-05-12 07:00:00,98.0,0,100.26050902509465,103.01558575542026,0.2532077490691731,0
Changping,2016-05-12 07:00:00,76.20833333333333,0,80.47035872061583,82.29670129994682,0.14115704006511817,0
Dingling,2016-05-12 07:00:00,68.54166666666667,0,86.40542184225976,89.06042719513954,0.17295331217739232,0
Dongsi,2016-05-12 07:00:00,118.75,0,102.01872521617693,104.22987665150526,0.24581712524691432,0
Guanyuan,2016-05-12 07:00:00,94.54166666666667,0,103.93576233856473,106.2365798015679,0.25593352105313705,0
Gucheng,2016-05-12 07:00:00,86.375,0,77.29343936047593,79.19358844609333,0.1337839542345235,0
Huairou,2016-05-12 07:00:00,72.58333333333333,0,90.66080616457947,92.567479000898,0.2057413105598996,0
Nongzhanguan,2016-05-12 07:00:00,104.875,0,94.22523303340313,97.95890790599633,0.20481573263624886,0
Shunyi,2016-05-12 07:00:00,85.20833333333333,0,100.08243394363554,100.71885026588433,0.24844901646457637,0
Tiantan,2016-05-12 07:00:00,95.66666666666667,0,102.25356460370588,103.7585126878602,0.25884370160865805,0
Wanliu,2016-05-12 07:00:00,97.91666666666667,0,82.80962489518245,85.62760076854755,0.16095638728764203,0
Wanshouxigong,2016-05-12 07:00:00,111.79166666666667,0,103.19680537983731,104.91132003709605,0.2667800160957415,0
Aotizhongxin,2016-05-12 08:00:00,98.0,0,97.43207986077725,100.07568644560425,0.24936664107960377,0
Changping,2016-05-12 08:00:00,76.20833333333333,0,83.81430765921752,85.42845975025736,0.1583759238196107,0
Dingling,2016-05-12 08:00:00,68.54166666666667,0,83.57019490152534,85.49525790623049,0.16126186857152755,0
Dongsi,2016-05-12 08:00:00,118.75,0,101.42025187272377,103.52490000380286,0.24626675425226288,0
Guanyuan,2016-05-12 08:00:00,94.54166666666667,0,106.83910853981948,109.06617182438667,0.27650261586600144,0
Gucheng,2016-05-12 08:00:00,86.375,0,78.73573368590235,80.38457559154716,0.13583638865716524,0
Huairou,2016-05-12 08:00:00,72.58333333333333,0,94.0813946771979,95.42961238534497,0.21823620879823835,0
Nongzhanguan,2016-05-12 08:00:00,104.875,0,95.41651116775898,98.67775422303535,0.21408115478888937,0
Shunyi,2016-05-12 08:00:00,85.20833333333333,0,111.07278158240695,111.35048373164643,0.3198924815240953,0
Tiantan,2016-05-12 08:00:00,95.66666666666667,0,104.62534263981414,105.91623698204461,0.27567630478354616,0
Wanliu,2016-05-12 08:00:00,97.91666666666667,0,96.44080426385433,99.28022131399135,0.23035033319617226,0
Wanshouxigong,2016-05-12 08:00:00,111.79166666666667,0,101.12512265956049,102.66377222650712,0.25389804220624745,0
Aotizhongxin,2016-05-12 09:00:00,98.0,0,95.99157556452917,98.69841056490027,0.22740724365271195,0
Changping,2016-05-12 09:00:00,76.20833333333333,0,63.565739444276076,66.03047138498255,0.08098978284032549,0
Dingling,2016-05-12 09:00:00,68.54166666666667,0,62.297901723773194,64.97657126028999,0.0811175941548342,0
Dongsi,2016-05-12 09:00:00,118.75,0,90.82474031400653,93.19425808740121,0.19084522039491003,0
Guanyuan,2016-05-12 09:00:00,94.54166666666667,0,99.03300977232365,101.21567155829426,0.22950403109466125,0
Gucheng,2016-05-12 09:00:00,86.375,0,48.67989413339177,52.02390494396214,0.052063957253144964,0
Huairou,2016-05-12 09:00:00,72.58333333333333,0,84.39167893846124,85.12554865585909,0.16108694830064604,0
Nongzhanguan,2016-05-12 09:00:00,104.875,0,85.89079547853146,89.42347855164216,0.16801137073763847,0
Shunyi,2016-05-12 09:00:00,85.20833333333333,0,113.43472640612724,114.22442124669547,0.33487122828415367,0
Tiantan,2016-05-12 09:00:00,95.66666666666667,0,100.221271027834,101.80190137009077,0.241127935412991,0
Wanliu,2016-05-12 09:00:00,97.91666666666667,0,82.16489034758852,85.61880141353329,0.15608218212812103,0
Wanshouxigong,2016-05-12 09:00:00,111.79166666666667,0,99.71165522939651,101.34537875239563,0.2405768480064332,0
Aotizhongxin,2016-05-12 10:00:00,98.0,0,81.44252447137944,84.73434298330343,0.160542868682663,0
Changping,2016-05-12 10:00:00,76.20833333333333,0,82.99459409253078,85.28212366683411,0.14913649298917553,0
Dingling,2016-05-12 10:00:00,68.54166666666667,0,82.06523172723945,84.3246873775924,0.1510491526961361,0
Dongsi,2016-05-12 10:00:00,118.75,0,74.30107258035702,77.46282516272882,0.11629544259715248,0
Guanyuan,2016-05-12 10:00:00,94.54166666666667,0,86.99516324361933,90.09464391121006,0.16661316730233616,0
Gucheng,2016-05-12 10:00:00,86.375,0,43.29943405797053,46.76503053693094,0.04359344692853617,0
Huairou,2016-05-12 10:00:00,72.58333333333333,0,81.96413412265326,82.47026078823475,0.14947031985748332,0
Nongzhanguan,2016-05-12 10:00:00,104.875,0,75.88173934165485,79.98762806219483,0.12292221553381241,0
Shunyi,2016-05-12 10:00:00,85.20833333333333,0,68.80014383360275,71.31878648441,0.10022240063504523,0
Tiantan,2016-05-12 10:00:00,95.66666666666667,0,86.35049330267753,88.59985264501361,0.17004332149240645,0
Wanliu,2016-05-12 10:00:00,97.91666666666667,0,84.92486592930442,88.42201657958881,0.17229680236634543,0
Wanshouxigong,2016-05-12 10:00:00,111.79166666666667,0,84.0016057823741,86.29982042332502,0.16597794353449402,0
Aotizhongxin,2016-05-12 11:00:00,98.0,0,92.51077806962874,95.80374005480041,0.21838889739568376,0
Changping,2016-05-12 11:00:00,76.20833333333333,0,58.42884095543026,61.57407639107457,0.0712725197200132,0
Dingling,2016-05-12 11:00:00,68.54166666666667,0,59.97005139613589,63.18152729697435,0.07481271606267956,0
Dongsi,2016-05-12 11:00:00,118.75,0,85.26360626381685,88.42003857257875,0.15984789847604317,0
Guanyuan,2016-05-12 11:00:00,94.54166666666667,0,93.72961787057383,96.79955482011283,0.21034373130033268,0
Gucheng,2016-05-12 11:00:00,86.375,0,76.38744361901007,79.08819035603702,0.12089257866362295,0
Huairou,2016-05-12 11:00:00,72.58333333333333,0,70.9224659419058,72.19571650902462,0.10672932803475242,0
Nongzhanguan,2016-05-12 11:00:00,104.875,0,90.85447694219326,94.83321140806709,0.18414052950958937,0
Shunyi,2016-05-12 11:00:00,85.20833333333333,0,69.10803589943164,71.76072833478558,0.10242015042396223,0
Tiantan,2016-05-12 11:00:00,95.66666666666667,0,94.30393697613724,96.10300608171701,0.21678319602755813,0
Wanliu,2016-05-12 11:00:00,97.91666666666667,0,90.26961360980161,93.79814815739171,0.19863577783918837,0
Wanshouxigong,2016-05-12 11:00:00,111.79166666666667,0,93.17002249898322,95.49840247716614,0.22048404791376439,0
Aotizhongxin,2016-05-12 12:00:00,98.0,0,77.90351975539801,81.9788446490216,0.14279032860888488,0
Changping,2016-05-12 12:00:00,76.20833333333333,0,74.76864150191916,77.35909113793676,0.11500905527399626,0
Dingling,2016-05-12 12:00:00,68.54166666666667,0,71.08810705639132,73.72643505661654,0.10784877395503413,0
Dongsi,2016-05-12 12:00:00,118.75,0,73.04243685418471,76.99761427115939,0.1111601453520751,0
Guanyuan,2016-05-12 12:00:00,94.54166666666667,0,80.88558876940493,84.49212714418623,0.141489200322188,0
Gucheng,2016-05-12 12:00:00,86.375,0,77.38481127601207,80.03378756770107,0.11910462601204871,0
Huairou,2016-05-12 12:00:00,72.58333333333333,0,63.080050999841546,64.91088126782192,0.0822529894382892,0
Nongzhanguan,2016-05-12 12:00:00,104.875,0,74.13374242114476,78.98106429482596,0.11403060663730544,0
Shunyi,2016-05-12 12:00:00,85.20833333333333,0,59.532619056558005,62.73831502125313,0.07221846995379612,0
Tiantan,2016-05-12 12:00:00,95.66666666666667,0,79.49010386629666,82.2229066987675,0.14186644637123966,0
Wanliu,2016-05-12 12:00:00,97.91666666666667,0,81.84954064016193,85.76662003871724,0.15395687517562076,0
Wanshouxigong,2016-05-12 12:00:00,111.79166666666667,0,78.1633513369078,81.07986672587325,0.13885025321259062,0
Aotizhongxin,2016-05-12 13:00:00,98.0,0,75.82220862399583,80.11181115410551,0.13025089443008545,0
Changping,2016-05-12 13:00:00,76.20833333333333,0,85.57001872552107,87.3450747983158,0.16223803918759647,0
Dingling,2016-05-12 13:00:00,68.54166666666667,0,86.31282996580748,88.31867902782216,0.16738943602094034,0
Dongsi,2016-05-12 13:00:00,118.75,0,69.62346633935128,74.03733888030126,0.09614184301696184,0
Guanyuan,2016-05-12 13:00:00,94.54166666666667,0,77.21347883249811,81.22389946035403,0.12456413382557678,0
Gucheng,2016-05-12 13:00:00,86.375,0,78.56233267529753,80.98164422552901,0.12203066275841533,0
Huairou,2016-05-12 13:00:00,72.58333333333333,0,72.57289417685497,74.21475674710948,0.10767544036259497,0
Nongzhanguan,2016-05-12 13:00:00,104.875,0,72.73992813368281,77.58082646204699,0.10351364140803329,0
Shunyi,2016-05-12 13:00:00,85.20833333333333,0,79.46176883014142,82.03145662566061,0.13207940665394488,0
Tiantan,2016-05-12 13:00:00,95.66666666666667,0,79.02460115960989,81.99033214024867,0.13126703517446123,0
Wanliu,2016-05-12 13:00:00,97.91666666666667,0,89.30749588853737,92.82949732179381,0.18685387037170564,0
Wanshouxigong,2016-05-12 13:00:00,111.79166666666667,0,78.85546486473811,81.93175631079134,0.1326648462001288,0
Aotizhongxin,2016-05-12 14:00:00,98.0,0,86.14665137140933,90.03858620278851,0.1787633391751061,0
Changping,2016-05-12 14:00:00,76.20833333333333,0,68.8531498924744,70.71750952049818,0.09874919455647532,0
Dingling,2016-05-12 14:00:00,68.54166666666667,0,71.39830120167096,73.41924423036141,0.10607985978246852,0
Dongsi,2016-05-12 14:00:00,118.75,0,89.08461529646235,92.5519035255964,0.15907642608755496,0
Guanyuan,2016-05-12 14:00:00,94.54166666666667,0,91.07574148895921,94.43779273929515,0.18092669303567036,0
Gucheng,2016-05-12 14:00:00,86.375,0,80.92353473661106,82.95612803098965,0.13422866111742388,0
Huairou,2016-05-12 14:00:00,72.58333333333333,0,55.22867364789329,59.85049060284581,0.08138902992888684,0
Nongzhanguan,2016-05-12 14:00:00,104.875,0,81.84476728381642,86.37767555596156,0.14130024283040624,0
Shunyi,2016-05-12 14:00:00,85.20833333333333,0,69.64852363345705,72.52385163805066,0.09999780690005873,0
Tiantan,2016-05-12 14:00:00,95.66666666666667,0,93.27548089795579,95.58836554812393,0.19405150076134559,0
Wanliu,2016-05-12 14:00:00,97.91666666666667,0,96.49223538214915,99.47931767912168,0.2234765011849385,0
Wanshouxigong,2016-05-12 14:00:00,111.79166666666667,0,94.32907128154848,97.00945674550294,0.20344014470184504,0
Aotizhongxin,2016-05-12 15:00:00,98.0,0,82.69944853562397,86.14333058471809,0.16023832781944983,0
Changping,2016-05-12 15:00:00,76.20833333333333,0,60.51674829163299,62.48597341672516,0.07447606835702679,0
Dingling,2016-05-12 15:00:00,68.54166666666667,0,61.3900885722844,63.323973555455,0.07972385009131448,0
Dongsi,2016-05-12 15:00:00,118.75,0,83.49770275964798,86.37226170984016,0.1381123546552966,0
Guanyuan,2016-05-12 15:00:00,94.54166666666667,0,85.12328702099754,87.87621091625557,0.15772713049261372,0
Gucheng,2016-05-12 15:00:00,86.375,0,93.09205428059475,94.4426712988016,0.1928935528345042,0
Huairou,2016-05-12 15:00:00,72.58333333333333,0,50.44061829340394,54.01355516604504,0.057926251614871985,0
Nongzhanguan,2016-05-12 15:00:00,104.875,0,76.02819660740133,80.12201353946307,0.11946326982141928,0
Shunyi,2016-05-12 15:00:00,85.20833333333333,0,82.89005581263004,85.39463439641881,0.14907033557602922,0
Tiantan,2016-05-12 15:00:00,95.66666666666667,0,87.4151281064047,89.43427257567191,0.17122356169334169,0
Wanliu,2016-05-12 15:00:00,97.91666666666667,0,77.83623825301741,80.7957570282646,0.13351692368802806,0
Wanshouxigong,2016-05-12 15:00:00,111.79166666666667,0,83.74787567682418,85.85392013784985,0.1622585950868656,0
Aotizhongxin,2016-05-12 16:00:00,98.0,0,76.03977224113439,79.53571743192583,0.13595079849021102,0
Changping,2016-05-12 16:00:00,76.20833333333333,0,67.60816469114818,69.32343934106906,0.09123604612968415,0
Dingling,2016-05-12 16:00:00,68.54166666666667,0,67.86665712587026,69.68344583365966,0.09997914489726556,0
Dongsi,2016-05-12 16:00:00,118.75,0,78.01838484604374,81.24384035797719,0.120062868557263,0
Guanyuan,2016-05-12 16:00:00,94.54166666666667,0,79.40158689978887,82.38051783125745,0.13351599385200266,0
Gucheng,2016-05-12 16:00:00,86.375,0,79.32338687566212,80.86966253299875,0.12546090171489932,0
Huairou,2016-05-12 16:00:00,72.58333333333333,0,42.32989263176212,46.24058179204937,0.044216671268534506,0
Nongzhanguan,2016-05-12 16:00:00,104.875,0,80.47073142800207,84.45311091925049,0.13036583117999542,0
Shunyi,2016-05-12 16:00:00,85.20833333333333,0,78.45877762230981,80.96899610552154,0.1321491174734103,0
Tiantan,2016-05-12 16:00:00,95.66666666666667,0,83.83664780103209,86.24933501275183,0.15072558708883013,0
Wanliu,2016-05-12 16:00:00,97.91666666666667,0,80.85267961769611,83.32960966366119,0.1528912717963071,0
Wanshouxigong,2016-05-12 16:00:00,111.79166666666667,0,77.25249373438403,80.0195283248922,0.136782899174027,0
Aotizhongxin,2016-05-12 17:00:00,98.0,0,83.11211521246327,86.58082044761284,0.15793386206449464,0
Changping,2016-05-12 17:00:00,76.20833333333333,0,68.89919402028222,70.67693733800235,0.09316681821453612,0
Dingling,2016-05-12 17:00:00,68.54166666666667,0,65.66492074379269,67.97490003028565,0.0910163469704194,0
Dongsi,2016-05-12 17:00:00,118.75,0,82.16009263497972,85.22573433719279,0.13304353351326004,0
Guanyuan,2016-05-12 17:00:00,94.54166666666667,0,81.40794346524505,84.62778511136202,0.14233532864008797,0
Gucheng,2016-05-12 17:00:00,86.375,0,82.85636858691169,84.5257132192541,0.13952102960715207,0
Huairou,2016-05-12 17:00:00,72.58333333333333,0,53.903767207195486,57.50198236476713,0.06396051316261515,0
Nongzhanguan,2016-05-12 17:00:00,104.875,0,87.31633631659798,91.00655486187148,0.15358240113013388,0
Shunyi,2016-05-12 17:00:00,85.20833333333333,0,74.11377797047045,77.2684054553308,0.1144097045750644,0
Tiantan,2016-05-12 17:00:00,95.66666666666667,0,84.85487748818015,87.82352913964313,0.1598578731125918,0
Wanliu,2016-05-12 17:00:00,97.91666666666667,0,84.69450317101798,87.61191125916787,0.16813900154955716,0
Wanshouxigong,2016-05-12 17:00:00,111.79166666666667,0,81.21690692649045,84.05836125611107,0.14976632557445743,0
Aotizhongxin,2016-05-12 18:00:00,98.0,0,78.03352948960764,82.26061672575531,0.1388888800903115,0
Changping,2016-05-12 18:00:00,76.20833333333333,0,76.48139933371814,78.2196499149479,0.11552492461566898,0
Dingling,2016-05-12 18:00:00,68.54166666666667,0,79.03664333073436,81.1860777989325,0.12592124097304447,0
Dongsi,2016-05-12 18:00:00,118.75,0,74.4068078195329,78.07923267998808,0.10903194669092309,0
Guanyuan,2016-05-12 18:00:00,94.54166666666667,0,79.02602052627495,82.42319711612689,0.13076300349241657,0
Gucheng,2016-05-12 18:00:00,86.375,0,79.65111018657029,81.62882326408146,0.1299849023541275,0
Huairou,2016-05-12 18:00:00,72.58333333333333,0,71.83609320135812,75.3985719900038,0.10971005814497485,0
Nongzhanguan,2016-05-12 18:00:00,104.875,0,82.77278646982826,87.21001230325768,0.13666524177640915,0
Shunyi,2016-05-12 18:00:00,85.20833333333333,0,83.10798888322506,86.49338008510813,0.14801316099103087,0
Tiantan,2016-05-12 18:00:00,95.66666666666667,0,82.22472219768753,86.16573806882674,0.14675554030085278,0
Wanliu,2016-05-12 18:00:00,97.91666666666667,0,92.35391223108613,95.01588247078521,0.20613441865305676,0
Wanshouxigong,2016-05-12 18:00:00,111.79166666666667,0,77.97262089260113,81.22267565898022,0.13928122575203913,0
Aotizhongxin,2016-05-12 19:00:00,98.0,0,89.34907551029998,93.52353137016259,0.1885650394059537,0
Changping,2016-05-12 19:00:00,76.20833333333333,0,92.51660589441468,93.69617030859686,0.18162555213836273,0
Dingling,2016-05-12 19:00:00,68.54166666666667,0,102.56387258392148,103.93990109110472,0.22913573773183604,0
Dongsi,2016-05-12 19:00:00,118.75,0,86.30323870210759,89.93431960748458,0.15263077126398897,0
Guanyuan,2016-05-12 19:00:00,94.54166666666667,0,92.87396993949731,96.21688885057154,0.1906673472089043,0
Gucheng,2016-05-12 19:00:00,86.375,0,96.54017374061205,97.95729874082589,0.20195757982898505,0
Huairou,2016-05-12 19:00:00,72.58333333333333,0,80.17116123704344,84.2772329814469,0.13455376615879294,0
Nongzhanguan,2016-05-12 19:00:00,104.875,0,92.73331290512891,96.91348422602915,0.18391580770974525,0
Shunyi,2016-05-12 19:00:00,85.20833333333333,0,97.0662427484939,100.63837429019313,0.21018326744272273,0
Tiantan,2016-05-12 19:00:00,95.66666666666667,0,94.08922069338689,98.35571144653181,0.20146806377417803,0
Wanliu,2016-05-12 19:00:00,97.91666666666667,0,98.63858653425024,101.89861712721945,0.23383842978679395,0
Wanshouxigong,2016-05-12 19:00:00,111.79166666666667,0,90.4776337448117,94.04883729159192,0.1907340811428062,0
Aotizhongxin,2016-05-12 20:00:00,98.0,0,106.97811655746301,110.06945857379152,0.2762314925996591,0
Changping,2016-05-12 20:00:00,76.20833333333333,0,93.88492947449845,95.30695641147611,0.1858333028950469,0
Dingling,2016-05-12 20:00:00,68.54166666666667,0,91.64623532515884,93.8341392150947,0.1803646213404832,0
Dongsi,2016-05-12 20:00:00,118.75,0,107.85200925432471,110.61722181899074,0.24559578080817984,0
Guanyuan,2016-05-12 20:00:00,94.54166666666667,0,111.35444321441496,114.02195338166842,0.28354176946711235,0
Gucheng,2016-05-12 20:00:00,86.375,0,93.55592707510563,95.70672941120665,0.18113962099014905,0
Huairou,2016-05-12 20:00:00,72.58333333333333,0,78.57801919068478,82.78843333261281,0.12273443571544404,0
Nongzhanguan,2016-05-12 20:00:00,104.875,0,110.38411710411958,114.09526122969069,0.2765958222631024,0
Shunyi,2016-05-12 20:00:00,85.20833333333333,0,105.58711494754684,109.5404477126782,0.24479435549588244,0
Tiantan,2016-05-12 20:00:00,95.66666666666667,0,110.03861076908291,113.95015871139876,0.274391351357054,0
Wanliu,2016-05-12 20:00:00,97.91666666666667,0,108.21980610616197,111.66886248012342,0.2714894311568482,0
Wanshouxigong,2016-05-12 20:00:00,111.79166666666667,0,103.7104366489339,106.08126033686735,0.25247076908309485,0
Aotizhongxin,2016-05-12 21:00:00,98.0,0,105.96133049058184,108.9451547669383,0.2659738898830006,0
Changping,2016-05-12 21:00:00,76.20833333333333,0,94.1498736242743,95.85926859784831,0.17746008955706652,0
Dingling,2016-05-12 21:00:00,68.54166666666667,0,90.0555465403059,92.11396814320159,0.16854559212431564,0
Dongsi,2016-05-12 21:00:00,118.75,0,119.41026106157473,121.72757525909904,0.30109768174894147,0
Guanyuan,2016-05-12 21:00:00,94.54166666666667,0,113.2485013955851,116.43851256077997,0.2868068477856472,0
Gucheng,2016-05-12 21:00:00,86.375,0,108.9046771412996,111.63616978044007,0.24372039955238958,0
Huairou,2016-05-12 21:00:00,72.58333333333333,0,77.81056888443598,82.11896536490003,0.1089379810107264,0
Nongzhanguan,2016-05-12 21:00:00,104.875,0,119.35763275055209,122.99399578766338,0.32037965493984794,0
Shunyi,2016-05-12 21:00:00,85.20833333333333,0,106.76318968356762,110.2063504846774,0.24060016302777731,0
Tiantan,2016-05-12 21:00:00,95.66666666666667,0,102.92908933221648,106.0096781259318,0.23185278695123687,0
Wanliu,2016-05-12 21:00:00,97.91666666666667,0,113.74916735101256,117.43696917368143,0.2902470162781788,0
Wanshouxigong,2016-05-12 21:00:00,111.79166666666667,0,105.32335219903226,107.68061419066045,0.250296760137849,0
Aotizhongxin,2016-05-12 22:00:00,98.0,0,110.54544967936737,114.16953968285573,0.2781856093012788,0
Changping,2016-05-12 22:00:00,76.20833333333333,0,96.47413850678312,98.03254337800412,0.1840051504504202,0
Dingling,2016-05-12 22:00:00,68.54166666666667,0,88.02133700936838,90.30238979691173,0.1609377208647905,0
Dongsi,2016-05-12 22:00:00,118.75,0,122.93285116885042,125.9095857714939,0.3214398453869324,0
Guanyuan,2016-05-12 22:00:00,94.54166666666667,0,117.17863046980666,120.2516898681388,0.304554413952491,0
Gucheng,2016-05-12 22:00:00,86.375,0,116.9010940452051,119.43643207797913,0.26874523581549636,0
Huairou,2016-05-12 22:00:00,72.58333333333333,0,89.85228325233425,94.06269484243026,0.1618720013514809,0
Nongzhanguan,2016-05-12 22:00:00,104.875,0,126.57287528358849,130.79230583992063,0.36229341173969254,0
Shunyi,2016-05-12 22:00:00,85.20833333333333,0,98.86580482651655,102.90259679459982,0.19028745071869438,0
Tiantan,2016-05-12 22:00:00,95.66666666666667,0,106.83057153986417,108.8526686899049,0.26319138821722365,0
Wanliu,2016-05-12 22:00:00,97.91666666666667,0,115.43853295839347,118.21686503152569,0.3023032777674251,0
Wanshouxigong,2016-05-12 22:00:00,111.79166666666667,0,107.15186758646246,109.76064845466456,0.2508936625888563,0
Aotizhongxin,2016-05-12 23:00:00,98.0,0,113.69582341804833,117.03409119231831,0.30070967366945894,0
Changping,2016-05-12 23:00:00,76.20833333333333,0,95.0989998185074,96.22866140040641,0.18158372196667466,0
Dingling,2016-05-12 23:00:00,68.54166666666667,0,86.38356248969691,88.13615952913565,0.15365362986823455,0
Dongsi,2016-05-12 23:00:00,118.75,0,122.75295836782732,125.01365165595766,0.3282251043828216,0
Guanyuan,2016-05-12 23:00:00,94.54166666666667,0,118.74658752851776,121.9316250314277,0.3312309602321336,0
Gucheng,2016-05-12 23:00:00,86.375,0,108.2128516423796,111.36378709993262,0.27892544158541405,0
Huairou,2016-05-12 23:00:00,72.58333333333333,0,88.22278290667053,92.30917513016821,0.16464299800142856,0
Nongzhanguan,2016-05-12 23:00:00,104.875,0,133.31251628166143,136.48880068847555,0.4016663293139496,0
Shunyi,2016-05-12 23:00:00,85.20833333333333,0,112.86385576713016,116.22628377881587,0.27249881192713404,0
Tiantan,2016-05-12 23:00:00,95.66666666666667,0,105.96338679298867,109.9246518261244,0.25211122676091435,0
Wanliu,2016-05-12 23:00:00,97.91666666666667,0,112.42479210052907,114.70291868819172,0.2902270476486067,0
Wanshouxigong,2016-05-12 23:00:00,111.79166666666667,0,114.77276482134673,118.23431583931006,0.2995323534913536,0
Aotizhongxin,2016-05-13 00:00:00,111.08333333333333,0,116.01148182202783,118.02671250562597,0.3312656329219347,0
Changping,2016-05-13 00:00:00,101.66666666666667,0,100.36204906725727,101.0742550281013,0.2170731644661493,0
Dingling,2016-05-13 00:00:00,93.625,0,89.34491823159499,91.24891716255703,0.1751710568428505,0
Dongsi,2016-05-13 00:00:00,121.70833333333333,0,131.71829329768423,133.2944403443942,0.3711463584677023,0
Guanyuan,2016-05-13 00:00:00,115.45833333333333,0,122.98314855422026,124.6122600868361,0.35902861385658424,0
Gucheng,2016-05-13 00:00:00,115.08333333333333,0,109.48951410393714,110.11546105690341,0.2620827933817756,0
Huairou,2016-05-13 00:00:00,111.66666666666667,0,90.6487438790524,93.52216675385074,0.1695153439485144,0
Nongzhanguan,2016-05-13 00:00:00,107.75,0,148.50524433105844,150.7440870694951,0.4962922435018736,0
Shunyi,2016-05-13 00:00:00,113.875,0,111.86995581718693,113.92486145844772,0.2603064500825486,0
Tiantan,2016-05-13 00:00:00,103.375,0,110.31975136347384,113.12443381567354,0.3045357906612674,0
Wanliu,2016-05-13 00:00:00,105.95833333333333,0,122.5981213868658,124.06071794500139,0.3807520862130044,0
Wanshouxigong,2016-05-13 00:00:00,113.5,0,117.2041707645468,118.92911796301547,0.3113413747678082,0
Aotizhongxin,2016-05-13 01:00:00,111.08333333333333,0,112.09764558412293,113.70112875229418,0.2835429743909355,0
Changping,2016-05-13 01:00:00,101.66666666666667,0,83.5680857905203,84.34509544391881,0.14219540087174284,0
Dingling,2016-05-13 01:00:00,93.625,0,79.26341016084345,81.55858292238929,0.13243155033698867,0
Dongsi,2016-05-13 01:00:00,121.70833333333333,0,116.27907267820038,116.66203156732972,0.28584603890261934,0
Guanyuan,2016-05-13 01:00:00,115.45833333333333,0,114.87344068825402,116.21772870037103,0.295553234450825,0
Gucheng,2016-05-13 01:00:00,115.08333333333333,0,108.53151185008775,108.55139096436834,0.27381756863309187,0
Huairou,2016-05-13 01:00:00,111.66666666666667,0,87.81913472853347,91.29287340441141,0.1491817864448981,0
Nongzhanguan,2016-05-13 01:00:00,107.75,0,125.92590068381566,128.13383265714734,0.349411902012247,0
Shunyi,2016-05-13 01:00:00,113.875,0,105.67617450816039,107.33890195068021,0.22722010951581403,0
Tiantan,2016-05-13 01:00:00,103.375,0,106.60488355421111,107.37064203507894,0.2413525270307314,0
Wanliu,2016-05-13 01:00:00,105.95833333333333,0,119.23321095597431,121.16365328212004,0.34884167394873067,0
Wanshouxigong,2016-05-13 01:00:00,113.5,0,114.38571289296809,115.37614054495543,0.2764176840060727,0
Aotizhongxin,2016-05-13 02:00:00,111.08333333333333,0,116.78392180203647,118.32445646206338,0.33327381239463094,0
Changping,2016-05-13 02:00:00,101.66666666666667,0,98.43185574353706,102.71031310382557,0.21776770529080025,0
Dingling,2016-05-13 02:00:00,93.625,0,94.93244039602436,98.33125425596495,0.22001807100531362,0
Dongsi,2016-05-13 02:00:00,121.70833333333333,0,118.72678435497784,119.52873228665727,0.31927055731733367,0
Guanyuan,2016-05-13 02:00:00,115.45833333333333,0,120.61508423445522,122.0217934802031,0.3455879258872595,0
Gucheng,2016-05-13 02:00:00,115.08333333333333,0,113.5088960893011,113.60705305789415,0.3205445916807971,0
Huairou,2016-05-13 02:00:00,111.66666666666667,0,86.9499212839527,89.6132045811641,0.1415579052777642,0
Nongzhanguan,2016-05-13 02:00:00,107.75,0,131.43988214324764,133.15073564307832,0.39779546536340843,0
Shunyi,2016-05-13 02:00:00,113.875,0,109.76755582459508,111.44953677853272,0.2629413816580707,0
Tiantan,2016-05-13 02:00:00,103.375,0,110.61073634591176,111.9145481862543,0.27058199040193176,0
Wanliu,2016-05-13 02:00:00,105.95833333333333,0,112.85043901508287,114.56692529596145,0.29599218821565365,0
Wanshouxigong,2016-05-13 02:00:00,113.5,0,117.69328874388523,118.87316415260142,0.3120394956830602,0
Aotizhongxin,2016-05-13 03:00:00,111.08333333333333,0,116.54676936544838,120.26969707831024,0.34887391866994494,0
Changping,2016-05-13 03:00:00,101.66666666666667,0,96.07995550432912,97.71653729776317,0.20583473223081883,0
Dingling,2016-05-13 03:00:00,93.625,0,93.3962944897519,95.67503158128478,0.2109142990149796,0
Dongsi,2016-05-13 03:00:00,121.70833333333333,0,125.19643956050548,128.87661951579472,0.36076567738871634,0
Guanyuan,2016-05-13 03:00:00,115.45833333333333,0,119.8272296308655,122.52841617611529,0.3483070917917868,0
Gucheng,2016-05-13 03:00:00,115.08333333333333,0,112.531253742438,115.7763790949198,0.32109210193465,0
Huairou,2016-05-13 03:00:00,111.66666666666667,0,85.85829006134185,90.6997388122407,0.14237282466554937,0
Nongzhanguan,2016-05-13 03:00:00,107.75,0,135.33341227574553,138.88889282474628,0.438616609477557,0
Shunyi,2016-05-13 03:00:00,113.875,0,103.63443802682484,107.7398992843159,0.23479793993468143,0
Tiantan,2016-05-13 03:00:00,103.375,0,108.87702144317376,112.98596186567826,0.2677844709946147,0
Wanliu,2016-05-13 03:00:00,105.95833333333333,0,120.27878050932979,124.42043136269012,0.37133242885554296,0
Wanshouxigong,2016-05-13 03:00:00,113.5,0,115.32600770210529,117.79478822548583,0.3120689676640251,0
Aotizhongxin,2016-05-13 04:00:00,111.08333333333333,0,121.3338807268109,123.28423803101411,0.39148972625012624,0
Changping,2016-05-13 04:00:00,101.66666666666667,0,102.47568973922473,103.66461752780197,0.2462977682113411,0
Dingling,2016-05-13 04:00:00,93.625,0,100.33077842601932,102.40926590899409,0.24788089035157115,0
Dongsi,2016-05-13 04:00:00,121.70833333333333,0,139.72109733783134,139.91726989401832,0.49159795687461966,0
Guanyuan,2016-05-13 04:00:00,115.45833333333333,0,132.52143209874922,134.0452835100258,0.4498856687776792,0
Gucheng,2016-05-13 04:00:00,115.08333333333333,0,129.08132717800729,130.60028064839562,0.4143510314153157,0
Huairou,2016-05-13 04:00:00,111.66666666666667,0,92.61555889572179,95.81347711862371,0.16959527983947895,0
Nongzhanguan,2016-05-13 04:00:00,107.75,0,144.4948061737523,145.09811279465305,0.5150356242281989,1
Shunyi,2016-05-13 04:00:00,113.875,0,112.96989931284787,112.951738700487,0.28659146617946,0
Tiantan,2016-05-13 04:00:00,103.375,0,122.71922239811636,123.3467322533773,0.36355789132509725,0
Wanliu,2016-05-13 04:00:00,105.95833333333333,0,122.52431785777111,125.1937439152699,0.3958359561360711,0
Wanshouxigong,2016-05-13 04:00:00,113.5,0,125.71255223097685,128.07702974049593,0.392405635948954,0
Aotizhongxin,2016-05-13 05:00:00,111.08333333333333,0,124.86071090119991,127.24288070285938,0.40004961030282427,0
Changping,2016-05-13 05:00:00,101.66666666666667,0,108.6889566588416,110.56372248017541,0.2855377828220817,0
Dingling,2016-05-13 05:00:00,93.625,0,101.83433827598074,104.58218012711635,0.2603971198108923,0
Dongsi,2016-05-13 05:00:00,121.70833333333333,0,135.12477256103926,135.33318896179802,0.4545116619380627,0
Guanyuan,2016-05-13 05:00:00,115.45833333333333,0,130.50963643320412,132.54285787192532,0.4309335549734886,0
Gucheng,2016-05-13 05:00:00,115.08333333333333,0,120.95327552502442,121.87228263925637,0.36158521399354887,0
Huairou,2016-05-13 05:00:00,111.66666666666667,0,93.9914772313076,95.03112504468123,0.18292949236781658,0
Nongzhanguan,2016-05-13 05:00:00,107.75,0,141.22526064683814,141.62135789784543,0.492053226374258,0
Shunyi,2016-05-13 05:00:00,113.875,0,114.36435527923845,114.26008833173742,0.2992897370072713,0
Tiantan,2016-05-13 05:00:00,103.375,0,117.8295402777963,118.81500301074321,0.3312286201422451,0
Wanliu,2016-05-13 05:00:00,105.95833333333333,0,124.92653372739363,126.26112825259807,0.40727949295694715,0
Wanshouxigong,2016-05-13 05:00:00,113.5,0,121.24393760556427,122.94589483820064,0.3721523898164606,0
Aotizhongxin,2016-05-13 06:00:00,111.08333333333333,0,115.34057031747601,116.14609643093641,0.3520903414703326,0
Changping,2016-05-13 06:00:00,101.66666666666667,0,101.98282079718513,103.88992106885797,0.23346823676961595,0
Dingling,2016-05-13 06:00:00,93.625,0,90.25591075529624,92.88399519662144,0.19183024623476452,0
Dongsi,2016-05-13 06:00:00,121.70833333333333,0,131.50878090572002,130.6277691797348,0.4405904851751447,0
Guanyuan,2016-05-13 06:00:00,115.45833333333333,0,123.52697858981273,124.18266530550832,0.38823671092001627,0
Gucheng,2016-05-13 06:00:00,115.08333333333333,0,122.27894577279453,123.10038762964318,0.3974507748810248,0
Huairou,2016-05-13 06:00:00,111.66666666666667,0,95.83671153138084,96.36435026817864,0.2061899353455445,0
Nongzhanguan,2016-05-13 06:00:00,107.75,0,142.92204885825095,142.3935153787183,0.5293715061357983,1
Shunyi,2016-05-13 06:00:00,113.875,0,115.66470158203158,116.19709115495696,0.32196202245539485,0
Tiantan,2016-05-13 06:00:00,103.375,0,109.76678336324571,109.41521066272853,0.2987900418079925,0
Wanliu,2016-05-13 06:00:00,105.95833333333333,0,119.0626984735834,120.7831852550619,0.37526232918165753,0
Wanshouxigong,2016-05-13 06:00:00,113.5,0,114.9492482240511,115.91711280639092,0.33228988520123626,0
Aotizhongxin,2016-05-13 07:00:00,111.08333333333333,0,119.91168695052635,119.69114297905514,0.39547377960690006,0
Changping,2016-05-13 07:00:00,101.66666666666667,0,115.00949104932504,115.79672446846106,0.32202083726707265,0
Dingling,2016-05-13 07:00:00,93.625,0,99.43117706090999,101.25392099547446,0.24974295073112013,0
Dongsi,2016-05-13 07:00:00,121.70833333333333,0,139.76892818752657,137.2664111546361,0.5097982000794968,1
Guanyuan,2016-05-13 07:00:00,115.45833333333333,0,129.70470644020844,129.55154475308075,0.4407269958593518,0
Gucheng,2016-05-13 07:00:00,115.08333333333333,0,124.68349982014321,124.28595061751311,0.4136391274554626,0
Huairou,2016-05-13 07:00:00,111.66666666666667,0,106.73266628533821,105.38557306141514,0.2695752752371814,0
Nongzhanguan,2016-05-13 07:00:00,107.75,0,137.2284437886749,135.63496244777258,0.4894175847948853,0
Shunyi,2016-05-13 07:00:00,113.875,0,117.42254419159326,116.15429012758979,0.3385773100307298,0
Tiantan,2016-05-13 07:00:00,103.375,0,128.90848376761937,126.80347968517508,0.45051982766605014,0
Wanliu,2016-05-13 07:00:00,105.95833333333333,0,122.8041946769037,124.16626890577818,0.4034019186249204,0
Wanshouxigong,2016-05-13 07:00:00,113.5,0,129.2073400043158,127.8422307913251,0.4339943337034321,0
Aotizhongxin,2016-05-13 08:00:00,111.08333333333333,0,126.97504382898303,124.56395440996806,0.4524210133976844,0
Changping,2016-05-13 08:00:00,101.66666666666667,0,124.30363948150666,123.36727983706174,0.4077176325936382,0
Dingling,2016-05-13 08:00:00,93.625,0,113.68468154719933,113.65544286024773,0.3578581959282059,0
Dongsi,2016-05-13 08:00:00,121.70833333333333,0,145.46035268934534,141.9014307941207,0.5643119799268655,1
Guanyuan,2016-05-13 08:00:00,115.45833333333333,0,131.88555512489643,131.16449071160687,0.4639992333929634,0
Gucheng,2016-05-13 08:00:00,115.08333333333333,0,129.70095245790807,129.2074534232762,0.44212953131590477,0
Huairou,2016-05-13 08:00:00,111.66666666666667,0,108.46466951217107,106.83189134521916,0.2854196222573725,0
Nongzhanguan,2016-05-13 08:00:00,107.75,0,143.1744169365046,140.49044833214606,0.5402387854634518,1
Shunyi,2016-05-13 08:00:00,113.875,0,115.15863438561001,113.73484292023288,0.32432532803717573,0
Tiantan,2016-05-13 08:00:00,103.375,0,143.24595972529738,141.36477374826163,0.5567411836966129,1
Wanliu,2016-05-13 08:00:00,105.95833333333333,0,121.67106765629478,122.65572339577267,0.40716156655602337,0
Wanshouxigong,2016-05-13 08:00:00,113.5,0,147.39746210724167,144.63283827346874,0.575971834756913,1
Aotizhongxin,2016-05-13 09:00:00,111.08333333333333,0,133.07781541362863,132.65092407124345,0.5159643571462698,1
Changping,2016-05-13 09:00:00,101.66666666666667,0,130.16740657389252,129.5160675303373,0.4753090818568307,0
Dingling,2016-05-13 09:00:00,93.625,0,121.22870579853189,121.17937913714188,0.43021621031099666,0
Dongsi,2016-05-13 09:00:00,121.70833333333333,0,174.49182707734462,170.07312737958915,0.7432240182710642,1
Guanyuan,2016-05-13 09:00:00,115.45833333333333,0,143.14822722985335,142.36976062448542,0.560823254337643,1
Gucheng,2016-05-13 09:00:00,115.08333333333333,0,143.6756985322852,142.35090758258983,0.596815959074408,1
Huairou,2016-05-13 09:00:00,111.66666666666667,0,111.49394524161562,108.52208796585134,0.31447390577448747,0
Nongzhanguan,2016-05-13 09:00:00,107.75,0,152.87059600633435,149.80275804190993,0.6211150224257591,1
Shunyi,2016-05-13 09:00:00,113.875,0,119.84539693406339,117.4948401385108,0.37395333067504277,0
Tiantan,2016-05-13 09:00:00,103.375,0,148.06578262570306,147.1200681211237,0.6162622641020982,1
Wanliu,2016-05-13 09:00:00,105.95833333333333,0,134.8461959664381,135.0279721834092,0.5150919439361676,1
Wanshouxigong,2016-05-13 09:00:00,113.5,0,159.21864912887284,158.1280022004562,0.6626088050421065,1
Aotizhongxin,2016-05-13 10:00:00,111.08333333333333,0,137.29350361527304,135.76572162708067,0.5464755364323377,1
Changping,2016-05-13 10:00:00,101.66666666666667,0,116.26527893548544,114.86837144971373,0.3648339254266454,0
Dingling,2016-05-13 10:00:00,93.625,0,110.7118354763004,109.8128965922882,0.340781577641732,0
Dongsi,2016-05-13 10:00:00,121.70833333333333,0,166.18671630794583,161.41096105279212,0.7336320942416327,1
Guanyuan,2016-05-13 10:00:00,115.45833333333333,0,146.70763866904502,145.35337378006727,0.5883333481528493,1
Gucheng,2016-05-13 10:00:00,115.08333333333333,0,161.34889912548218,159.05117304582987,0.719171679848787,1
Huairou,2016-05-13 10:00:00,111.66666666666667,0,111.28059259257013,109.4012370840158,0.3227122354729983,0
Nongzhanguan,2016-05-13 10:00:00,107.75,0,167.832282624344,164.84436446429154,0.7177379710050694,1
Shunyi,2016-05-13 10:00:00,113.875,0,135.2629617004882,132.99690056521447,0.505870103910527,1
Tiantan,2016-05-13 10:00:00,103.375,0,152.49431949920324,150.27083259674032,0.6450114344525146,1
Wanliu,2016-05-13 10:00:00,105.95833333333333,0,152.7914111278126,151.0462545498681,0.6476000628338703,1
Wanshouxigong,2016-05-13 10:00:00,113.5,0,153.68241076335477,150.95371068471414,0.6465719503289696,1
Aotizhongxin,2016-05-13 11:00:00,111.08333333333333,0,118.72202022068903,117.41408132819298,0.40757896846181557,0
Changping,2016-05-13 11:00:00,101.66666666666667,0,122.0100939704782,119.93823771296175,0.4220128354093001,0
Dingling,2016-05-13 11:00:00,93.625,0,117.89658294990572,117.18481126381704,0.41171690442408665,0
Dongsi,2016-05-13 11:00:00,121.70833333333333,0,134.56628621982335,129.7309305228432,0.5165687228756087,1
Guanyuan,2016-05-13 11:00:00,115.45833333333333,0,121.15204314845501,119.17694181334942,0.4007267269685127,0
Gucheng,2016-05-13 11:00:00,115.08333333333333,0,120.30772465095845,118.64705767916459,0.40863254056812887,0
Huairou,2016-05-13 11:00:00,111.66666666666667,0,114.22776263040684,112.3872266963098,0.34088034967510134,0
Nongzhanguan,2016-05-13 11:00:00,107.75,0,137.88540253160446,135.39718432080076,0.5114996732600569,1
Shunyi,2016-05-13 11:00:00,113.875,0,145.9919401283596,143.2690256408095,0.5792612197963749,1
Tiantan,2016-05-13 11:00:00,103.375,0,121.14691033049932,118.22843197238227,0.41939547955683054,0
Wanliu,2016-05-13 11:00:00,105.95833333333333,0,147.45562276779611,145.02027915754002,0.5783618828779384,1
Wanshouxigong,2016-05-13 11:00:00,113.5,0,124.83308032075402,121.68271655753685,0.4382570848643449,0
Aotizhongxin,2016-05-13 12:00:00,111.08333333333333,0,118.78603350734969,117.4186078959796,0.4197648934214075,0
Changping,2016-05-13 12:00:00,101.66666666666667,0,127.34075795095829,125.43554214857491,0.4511136604140213,0
Dingling,2016-05-13 12:00:00,93.625,0,124.88512790606872,123.62574798765903,0.457908596562927,0
Dongsi,2016-05-13 12:00:00,121.70833333333333,0,132.48536344261458,127.3870895224064,0.5149461715585678,1
Guanyuan,2016-05-13 12:00:00,115.45833333333333,0,118.56122243157618,116.73967456317955,0.39426899846493435,0
Gucheng,2016-05-13 12:00:00,115.08333333333333,0,108.71793003010916,107.36552204929714,0.3222687798969666,0
Huairou,2016-05-13 12:00:00,111.66666666666667,0,121.31949073645706,118.61420347558436,0.3920518660304901,0
Nongzhanguan,2016-05-13 12:00:00,107.75,0,132.71649660693967,129.72206278430235,0.4785005079093528,0
Shunyi,2016-05-13 12:00:00,113.875,0,129.24632426737483,126.91265171458716,0.4594582237195017,0
Tiantan,2016-05-13 12:00:00,103.375,0,124.45198257296433,121.76277192783697,0.44786565292559793,0
Wanliu,2016-05-13 12:00:00,105.95833333333333,0,133.79159650136933,131.45494115551833,0.529375241935507,1
Wanshouxigong,2016-05-13 12:00:00,113.5,0,126.4860943581233,123.5150475051344,0.46091547335930916,0
Aotizhongxin,2016-05-13 13:00:00,111.08333333333333,0,124.60778524439247,123.39016200731504,0.4685037835719663,0
Changping,2016-05-13 13:00:00,101.66666666666667,0,101.78372179975088,99.66011886552033,0.2608690627604145,0
Dingling,2016-05-13 13:00:00,93.625,0,100.41531178851706,99.78330808482431,0.2681609434075685,0
Dongsi,2016-05-13 13:00:00,121.70833333333333,0,140.6946549277166,135.632915397734,0.5860653814895864,1
Guanyuan,2016-05-13 13:00:00,115.45833333333333,0,128.4405891442716,126.49308063470477,0.46886412679963957,0
Gucheng,2016-05-13 13:00:00,115.08333333333333,0,107.83322925207287,106.43192084083094,0.31032804094903743,0
Huairou,2016-05-13 13:00:00,111.66666666666667,0,110.05231123030217,107.86771598729973,0.30317161026620176,0
Nongzhanguan,2016-05-13 13:00:00,107.75,0,136.7844775740158,133.92229194224248,0.5302811924951607,1
Shunyi,2016-05-13 13:00:00,113.875,0,117.71103334035655,115.1195542529551,0.38106086501083175,0
Tiantan,2016-05-13 13:00:00,103.375,0,130.43695809601076,128.26031367992826,0.5008078408781863,1
Wanliu,2016-05-13 13:00:00,105.95833333333333,0,123.88000386484177,122.14336377257892,0.4236944614090615,0
Wanshouxigong,2016-05-13 13:00:00,113.5,0,128.33268619326697,126.21760078789809,0.48865588222119033,0
Aotizhongxin,2016-05-13 14:00:00,111.08333333333333,0,136.28663447400515,133.6309405230531,0.546840206080973,1
Changping,2016-05-13 14:00:00,101.66666666666667,0,104.06785186762065,101.50079148281893,0.27034689145938695,0
Dingling,2016-05-13 14:00:00,93.625,0,98.42313901690125,98.04782567034108,0.2540145075452452,0
Dongsi,2016-05-13 14:00:00,121.70833333333333,0,140.19931784886492,136.73453812577944,0.5693591696469614,1
Guanyuan,2016-05-13 14:00:00,115.45833333333333,0,137.56252515934221,135.46050557704578,0.526738674657588,1
Gucheng,2016-05-13 14:00:00,115.08333333333333,0,116.63531157635815,115.0465888804285,0.36003949280240194,0
Huairou,2016-05-13 14:00:00,111.66666666666667,0,119.43429168293734,117.12737169192918,0.3909624892629482,0
Nongzhanguan,2016-05-13 14:00:00,107.75,0,146.59229721689923,142.05588497554643,0.5970751751515884,1
Shunyi,2016-05-13 14:00:00,113.875,0,123.33738272532744,120.52018663334158,0.4131921424261386,0
Tiantan,2016-05-13 14:00:00,103.375,0,135.71262332383955,133.32279046884207,0.533651876259705,1
Wanliu,2016-05-13 14:00:00,105.95833333333333,0,133.92531613211906,132.00796628288887,0.5059603769551397,1
Wanshouxigong,2016-05-13 14:00:00,113.5,0,145.03911184586846,142.39829545718555,0.586232501031571,1
Aotizhongxin,2016-05-13 15:00:00,111.08333333333333,0,130.94444641051837,129.14232324337078,0.4993583771831017,0
Changping,2016-05-13 15:00:00,101.66666666666667,0,107.03658888140889,105.05548601046206,0.28160200967213994,0
Dingling,2016-05-13 15:00:00,93.625,0,102.98408617600947,102.55516031217519,0.2738161991423148,0
Dongsi,2016-05-13 15:00:00,121.70833333333333,0,143.87047239981388,141.40497357041835,0.5661515858422806,1
Guanyuan,2016-05-13 15:00:00,115.45833333333333,0,133.520457816038,131.5079646332032,0.483501584147045,0
Gucheng,2016-05-13 15:00:00,115.08333333333333,0,112.59658096945884,110.95566824783072,0.3226204459675273,0
Huairou,2016-05-13 15:00:00,111.66666666666667,0,121.21837906542294,118.02491635777042,0.39382605172898716,0
Nongzhanguan,2016-05-13 15:00:00,107.75,0,143.8327141591961,139.4047593539239,0.566367516889248,1
